Stock Guide,Setor,Ticker,Rating,Market Cap (R$ mn),Volume Negociado (R$ mn) Semana,Volume Negociado (R$ mn) Média (12M),Volume Negociado (R$ mn) % da Média,Preço (R$) Último,Preço (R$) Alvo,Preço (R$) Upside (%),Performance (%) Semana,Performance (%) Mês,Performance (%) Ano,P/L 2025E,P/L 2026E,EV/EBITDA 2025E,EV/EBITDA 2026E,P/VP 2025E,P/VP 2026E,Dividend Yield (%) 2025E,Dividend Yield (%) 2026E,Dívida Líquida/EBITDA 2025E,Dívida Líquida/EBITDA 2026E,Roe (%) 2025E,Roe (%) 2026E,Lucro líquido (R$mn) 2025E,Lucro líquido (R$mn) 2026E,Lucro líquido (R$mn) 2027E,ROE 2025E,ROE 2026E,ROE 2027E,Dividend Yield (%) 2025E (extra),Dividend Yield (%) 2026E (extra),Dividend Yield (%) 2027E,4. Dados fundamentalistas (12M) EPS,4.Dados fundamentalistas (12M) LPA,Dívida líquida 2025E,Dívida líquida 2026E,Dívida líquida 2027E,Dívida Líquida/EBITDA 2025E (extra),Dívida Líquida/EBITDA 2026E (extra),Dívida Líquida/EBITDA 2027E,5.Destaques financeiros (R$ mn) Receita,5.Destaques financeiros (R$ mn) Lucro Bruto,5.Destaques financeiros (R$ mn) Mg. Bruta (%),5.Destaques financeiros (R$ mn) EBITDA,5.Destaques financeiros (R$ mn) Mg. EBITDA (%),5.Destaques financeiros (R$ mn) LAIR,5.Destaques financeiros (R$ mn) Lucro Líquido,5.Destaques financeiros (R$ mn) Mg. Líquida (%),5.Destaques financeiros (R$ mn) ROE,5.Destaques financeiros (R$ mn) Mg. LAIR (%)
Itaú,Bancos,ITUB4,Buy,415747.5447,739.624963,806.5924366,0.9169748307059689,39.15,50,0.277139208173691,0.0017294612662,-0.0015900602738,-0.0015900602738,7.3410511835246,6.5409776744709,n.a.,n.a.,1.906766204134263,1.6837521487782359,0.06811,0.076441,n.a.,n.a.,0.25083168787925403,0.24844775426821908,53420.7056680472,59957.0256882491,0.0,0.25083168787925403,0.24844775426821908,,0.06811,0.076441,,,,,,,,,,,,,,,,,,,
Bradesco,Bancos,BBDC4,Neutral,179048.52254,354.390019,516.6693158,0.6859126488889123,18.22,21,0.15257958287596063,0.011347376485,0.0016492578343,0.0016492578343,6.682501870484,5.962461214974,n.a.,n.a.,1.0268771170295796,0.939812959696552,0.078353,0.0775,n.a.,n.a.,0.15950498464856802,0.16459946064057504,29120.270254524,32616.9611517509,0.0,0.15950498464856802,0.16459946064057504,,0.078353,0.0775,,,,,,,,,,,,,,,,,,,
Banco do Brasil,Bancos,BBAS3,Neutral,123759.49173,347.480657,648.3012158,0.5359864342861225,21.68,25,0.1531365313653137,-0.0077803203667,-0.01094890511,-0.01094890511,3.8397757505018,3.2211942903877,n.a.,n.a.,0.6211298111091972,0.565883460692072,0.053517,0.067362,n.a.,n.a.,0.13087671080403426,0.14784977726815215,28760.6896036681,34794.5764048062,0.0,0.13087671080403426,0.14784977726815215,,0.053517,0.067362,,,,,,,,,,,,,,,,,,,
Santander Brasil,Bancos,SANB11,Neutral,125916.26499,85.741199,80.304919764,1.0676954693682046,33.73,35,0.03765194189149135,-0.016044340725,-0.0096887844984,-0.0096887844984,7.3078736997092,6.3760422838396,n.a.,n.a.,1.219513397858475,1.10639943534117,0.061536,0.070629,n.a.,n.a.,0.1717695638525533,0.17920906173348125,17719.8063231745,20325.4708135645,0.0,0.1717695638525533,0.17920906173348125,,0.061536,0.070629,,,,,,,,,,,,,,,,,,,
Banco ABC,Bancos,ABCB4,Buy,5883.4078557,15.822612,11.059641876,1.4306622381992216,23.65,29,0.2262156448202961,0.0057673978663,-0.002109704642,-0.002109704642,5.05467759482234,4.54986801251267,n.a.,n.a.,0.7565029595970761,0.6878790917431826,0.0791346,0.0879146,n.a.,n.a.,0.15669962396788895,0.1583696127847267,1125.2597011976,1250.1076919941,0.0,0.15669962396788895,0.1583696127847267,,0.0791346,0.0879146,,,,,,,,,,,,,,,,,,,
Banrisul,Bancos,BRSR6,Neutral,6546.1252508,24.656019,16.151528432,1.5265440112250055,15.31,13.5,-0.11822338340953631,0.033066896451,0.0045931758523,0.0045931758523,0,0,n.a.,n.a.,0.5282003820604493,0.4926009692506484,n.a.,n.a.,n.a.,n.a.,0.11260809423399244,0.1162466225332834,1291.2583651039,1427.8053587618,0.0,0.11260809423399244,0.1162466225332834,,,,,,,,,,,,,,,,,,,,,,
BR Partners,Bancos,BRBI11,Buy,2020.117345,5.532739,4.327214916,1.2785912203118317,19.24,22,0.14345114345114363,0.021231422505,-0.038,-0.038,9.72602748570922,8.13170872531875,n.a.,n.a.,2.2770183749116795,2.100574100596912,0.0719684,0.0860792,n.a.,n.a.,0.2426181019270684,0.26871971875584527,,,,0.2426181019270684,0.26871971875584527,,0.0719684,0.0860792,,,,,,,,,,,,,,,,,,,
Banco Inter,Bancos,INBR32,Buy,20213,36.46912661,81.201361635,0.44911964375583596,45.97,60,0.3051990428540352,-0.010759629868,-0.015209940017,-0.015209940017,8.54734144307595,6.65401535721377,n.a.,n.a.,1.7776935164749,1.5510298108080827,0.0234137,0.0352311,n.a.,n.a.,0.17727036280815223,0.1945522423914297,2361.0142707178,3037.7370564236,0.0,0.17727036280815223,0.1945522423914297,,0.0234137,0.0352311,,,,,,,,,,,,,,,,,,,
B3,Setor financeiro (Ex-Bancos),B3SA3,Buy,68902.138853,336.937034,488.25747535,0.6900806459921003,13.43,16,0.19136262099776613,0.0064307787634,-0.0058869485511,-0.0058869485511,12.6578701019814,13.1241997688426,9.1030100534216,8.6289884401188,3.3467068703431435,3.283040638322838,0.0711035697319434,0.06857732590469098,-0.2936070465206513,-0.33946814142470977,0.263588,0.249223,5392.198978659,5196.2850531123,,0.263588,0.249223,,0.0711035697319434,0.06857732590469098,,,,,,,,,,,,,,,,,,,
IRB Brasil,Setor financeiro (Ex-Bancos),IRBR3,Buy,4285.293511,40.246113,51.314113932,0.7843088366162378,52.36,60,0.14591291061879308,-0.044176706828,-0.024953445066,-0.024953445066,6.328138475573886,5.666181504451905,n.a.,n.a.,0.8118199729032954,0.735537918866786,0.0300661,0.0367318,n.a.,n.a.,0.12521836078883,0.1269461177529675,677.1813130508,756.2936553814,0.0,0.12521836078883,0.1269461177529675,,0.0300661,0.0367318,,,,,,,,,,,,,,,,,,,
BB Seguridade,Setor financeiro (Ex-Bancos),BBSE3,Neutral,69379.020848,126.104994,195.38732671,0.6454103043600622,35.74,41,0.14717403469501944,-0.00083869164155,-0.011341632089,-0.011341632089,7.8979374146463,7.6447157018856,n.a.,n.a.,5.159017311313877,4.832872141109616,0.113953,0.117728,n.a.,n.a.,0.6752652348531829,0.6528198130725632,9050.4642221454,9350.2496086766,0.0,0.6752652348531829,0.6528198130725632,,0.113953,0.117728,,,,,,,,,,,,,,,,,,,
Wiz,Setor financeiro (Ex-Bancos),WIZC3,Buy,1402.3868631,3.04028,2.986775092,1.0179139394001617,8.77,11,0.2542759407069557,-0.00044550408256,-0.016816143497,-0.016816143497,6.008412498858283,5.166535681975854,1.691417331050682,1.618650696943435,1.7101717191808337,1.4673231975933894,0.083216656659065,0.09677664701254277,-0.2969071857301947,-0.29836514775668327,0.306435,0.305711,233.4038921939,271.4365968733,,0.306435,0.305711,,0.083216656659065,0.09677664701254277,,,,,,,,,,,,,,,,,,,
Porto Seguro,Setor financeiro (Ex-Bancos),PSSA3,Neutral,30910.33738,50.647532,97.294192388,0.5205606907966557,48.13,52,0.08040723041761888,0.015992516775,-0.0047559966915,-0.0047559966915,8.61197960865496,8.32359813736752,n.a.,n.a.,1.7949328238576951,1.6208668511052782,0.058058,0.06007,n.a.,n.a.,0.21982977225901462,0.20465484870527323,3624.641326209,3750.221559816,0.0,0.21982977225901462,0.20465484870527323,,0.058058,0.06007,,,,,,,,,,,,,,,,,,,
Meliuz,Setor financeiro (Ex-Bancos),CASH3,Buy,433.64238182,7.983527,16.795642876,0.47533321939156004,3.83,8,1.0887728459530024,-0.049627791563,-0.017948717948,-0.017948717948,7.427649597126986,6.584784756142653,3.149779492126848,2.578776490426353,1.014437861045851,0.9187979340240711,0.03575121634464752,0.0342037062924282,-1.0679249489921372,-1.2687602830667295,0.09331110000000001,0.113119,44.8891617328,50.6350589135,,0.09331110000000001,0.113119,,0.03575121634464752,0.0342037062924282,,,,,,,,,,,,,,,,,,,
Pagseguro Digital Ltd.,Setor financeiro (Ex-Bancos),PAGS34,Buy,15375.075448751997,0.52358149,1.1349256356,0.46133550391008543,10.42,15,0.43953934740882916,-0.028890959925,-0.039631336406,-0.039631336406,10,8.2,2.6,1.9,1.2,1.1,0,0,0.2559661497680728,0.14174797556781643,0.134,0.139,2272.51756451857,2589.5768724979466,,0.13994,0.148623,,0.08879461861427095,0.08458047920372286,,,,,,,,,,,,,,,,,,,
Dotz SA,Setor financeiro (Ex-Bancos),DOTZ3,Buy,59.948901,0.185739,0.077253868,2.4042679649386614,4.5,9,1,-0.1,0.28571428571,0.28571428571,n.a.,n.a.,2.505396072803322,n.a.,-0.22496737972993916,n.a.,0,n.a.,0.47438792378343164,n.a.,0.00176421,n.a.,-0.4656495388,,,0.00176421,,,0.0,,,,,,,,,,,,,,,,,,,,
G2d Invest,Setor financeiro (Ex-Bancos),G2DI33,Buy,199.04755124,0.03075323,0.05571377436,0.5519861174955586,1.73,6.2,2.5838150289017343,0.048484848485,0.011695906432,0.011695906432,n.a.,n.a.,n.a.,n.a.,n.a.,n.a.,n.a.,n.a.,n.a.,n.a.,n.a.,n.a.,,,,,,,,,,,,,,,,,,,,,,,,,,,
CVC Brasil,Varejo,CVCB3,Neutral,1146.7175764,42.393297,29.618905148,1.4312918316247278,2.2,3,0.36363636363636354,0.062801932369,0.018518518518,0.018518518518,11.444935014475574,6.158141699184876,2.143407442237071,1.44428720954587,1.8421449265654046,1.4179734581149976,0,0,-0.047446462543531485,-0.3900518272226794,0.175044,0.260219,,,,,,,0.0,0.0,,,,-25.094158011491857,-246.39104313727438,,-0.047446462543531485,-0.3900518272226794,,,,,,,,,,,
Magazine Luiza,Varejo,MGLU3,Buy,6839.5399435,100.365295,224.03525036,0.4479888537126368,8.83,14,0.5855039637599093,0.0023243243249,-0.012304250559,-0.012304250559,8.72113826183025,5.200300758183139,2.98215532357157,2.319512073093649,0.527870106889213,0.47791988482293146,0,0,1.2737848384415802,0.7646586438062467,0.06242,0.0964664,,,,,,,0.0,0.0,,,,4875.598018983113,3215.822153484232,,1.2737848384415802,0.7646586438062467,,,,,,,,,,,
Grupo Natura,Varejo,NATU3,Neutral,9891.2448,38.636045,108.29830878,0.3567557557938072,7.2,18,1.5,-0.021739130435,-0.03355704698,-0.03355704698,6.8920355084147,5.3069303317505,2.2624463819654,1.6321982201014,0.5769662261066532,0.5408085087205372,0,0,-1.0427429764300635,-1.2737445664256664,0.0861835,0.105202,,,,,,,0.0,0.0,,,,-4735.273795656706,-6578.993429038272,,-1.0427429764300635,-1.2737445664256664,,,,,,,,,,,
Casas Bahia,Varejo,BHIA3,Neutral,2026.9753,7.944621,25.467374488,0.3119528871632776,3.1,3,-0.032258064516129115,-0.0064102564102,-0.015873015874,-0.015873015874,n.a.,3.452860616129597,4.062274553767614,3.9036463477892425,0.17364514773841197,0.16533068804232465,0,0,3.959177251989208,3.806123070859432,-0.08658189999999999,0.049056699999999995,,,,,,,0.0,0.0,,,,11343.62860239619,11528.39621074713,,3.959177251989208,3.806123070859432,,,,,,,,,,,
Grupo Sbf,Varejo,SBFG3,Buy,2901.3479838,20.23768,23.334146692,0.867298910353486,12.6,16,0.26984126984126977,-0.022498060512,-0.027777777777,-0.027777777777,6.2081143833811,5.05397976462095,4.11880994416942,3.51604709146109,0.870261907393082,0.7653014741164108,0.03226551403968254,0.04026987657936508,1.6713717037943607,1.2575284210731572,0.148505,0.161143,,,,,,,0.03226551403968254,0.04026987657936508,0.04946596773809523,,,2104.0512049125937,1715.4936902890486,1332.5111543893622,1.6713717037943607,1.2575284210731572,0.911392147669068,,,,,,,,,,
Lojas Renner,Varejo,LREN3,Buy,13216.32246,191.000915,247.14162082,0.7728399383570895,13.38,22,0.6442451420029895,-0.019780219779,-0.0052044609656,-0.0052044609656,8.265083854727,6.9652476216427,4.5564417821403,4.0784990314828,1.2213155156361244,1.123888081578483,0.06354260494020926,0.07259454478325858,0.5382263692718384,0.47188005816841533,0.15314,0.16805900000000001,,,,,,,0.06354260494020926,0.07259454478325858,0.08614194822869954,,,1902.9214097231807,1858.7477571262386,1786.6913494987364,0.5382263692718384,0.47188005816841533,0.4105969692914443,,,,,,,,,,
Pão de Açucar,Varejo,PCAR3,Neutral,1941.31872,45.199494,42.657318952,1.0595952842432639,3.96,4,0.010101010101010166,0.1,0.042105263157,0.042105263157,n.a.,19.17839114784699,4.327713318793724,3.862571236552674,0.41080755844411826,0.3986987921238866,0,0,3.315276004503886,2.9136861222412698,-0.027934999999999998,0.021099899999999998,,,,,,,0.0,0.0,,,,6370.040778347936,5973.375235362828,,3.315276004503886,2.9136861222412698,,,,,,,,,,,
Raia Drogasil,Varejo,RADL3,Buy,41392.681633,156.430451,206.93831149,0.7559279375272147,23.69,24,0.013085690164626351,0.028211805555,0.010234541578,0.010234541578,24.7180813030383,19.7843671578534,9.174949614682,7.9179046630667,5.088244201356149,4.508482188735837,0.014104271287463064,0.0157225198691431,1.5793601717410952,1.4015294184670464,0.217019,0.241648,,,,,,,0.014104271287463064,0.0157225198691431,0.017744318176445756,,,8480.495271598054,8771.980341963159,8490.403833603517,1.5793601717410952,1.4015294184670464,1.186525231031034,,,,,,,,,,
Lojas Marisa,Varejo,AMAR3,Neutral,518.56341827,0.069593,0.372997748,0.18657753397481638,1.01,2,0.9801980198019802,0.01,0,0,1.747768258688162,1.238107748661689,2.931832939232227,2.360870732606348,n.a.,n.a.,0.0884769195049505,0.14303955841584157,2.359142973870689,1.8228458458270143,n.a.,n.a.,,,,,,,0.0884769195049505,0.14303955841584157,,,,1429.4295775835594,1175.6435190434504,,2.359142973870689,1.8228458458270143,,,,,,,,,,,
C&A,Varejo,CEAB3,Buy,3759.1668849,95.197217,64.727832612,1.470730799386464,12.41,23,0.8533440773569703,-0.02206461781,-0.027429467084,-0.027429467084,7.06527496803585,5.94116812770579,2.79188917157585,2.428496311332,0.8848484848484848,0.770147327135747,0,0,0.8343695939488245,0.7035601605917472,0.133605,0.138613,,,,,,,0.0,0.0,0.0,,,1633.9238041863443,1563.5351901294553,1463.4134927224352,0.8343695939488245,0.7035601605917472,0.5822383346761815,,,,,,,,,,
Positivo Tec,Varejo,POSI3,Buy,572.15721,8.497853,4.643039588,1.830234879315442,4.11,13,2.16301703163017,0.017326732674,0.0275,0.0275,1.05570619521825,0.8571548650032,0.484825261507084,n.a.,0.21410375957866878,0.17855668849026193,0.19975716790754258,0.23680831004866182,-0.2536123957817282,-0.7867078666902301,0.220446,0.22717199999999999,,,,,,,0.19975716790754258,0.23680831004866182,,,,-200.57935045949088,-680.6945606204027,,-0.2536123957817282,-0.7867078666902301,,,,,,,,,,,
Azzas 2154,Varejo,AZZA3,Buy,5121.5192217,61.394466,79.8570861,0.7688042351447631,25.39,53,1.0874359984245765,0.038021259199,0.0091414944363,0.0091414944363,5.61102293223322,4.38390530232006,2.68617551555121,2.13210060220901,0.5630273530618354,0.5079818575049867,0.03996815006301693,0.0356441245057109,0.5591681505124133,0.2792221852770255,0.104407,0.12183,,,,,,,0.03996815006301693,0.0356441245057109,0.0456214234147302,,,1381.1673131344262,791.7277332830026,93.29233477320713,0.5591681505124133,0.2792221852770255,0.028646477136493875,,,,,,,,,,
Dimed,Varejo,PNVL3,Buy,1807.5024517,10.944381,3.466045068,3.157599161373628,12.11,13,0.07349298100743185,0.033276450511,0.010008340283,0.010008340283,11.34072393766427,9.0700324059856,5.69539138596897,4.7792535446829,1.28672642347431,1.1631816042493108,0.024551771023947146,0.025988208546655654,0.6976075164914227,0.48022641819572626,0.11818,0.134711,,,,,,,0.024551771023947146,0.025988208546655654,0.03256109403798513,,,254.72534320875556,203.8517002236705,154.67116467836303,0.6976075164914227,0.48022641819572626,0.32432482339352303,,,,,,,,,,
Quero-Quero,Varejo,LJQQ3,Buy,434.5257,5.667487,6.850279896,0.8273365593877918,2.1,4,0.9047619047619047,-0.041095890411,-0.049773755656,-0.049773755656,5.741719901812134,3.398935823157886,2.437622833893623,2.082616641486625,0.6338493672070484,0.551727036989357,0.010576751523809524,0.03964671523809524,1.2280871609955748,1.0810748932453074,0.11582700000000001,0.173567,,,,,,,0.010576751523809524,0.03964671523809524,,,,416.8097321532837,443.1125654899298,,1.2280871609955748,1.0810748932453074,,,,,,,,,,,
Petz,Varejo,PETZ3,Neutral,1980.5042049,23.680881,27.721964712,0.8542280911911436,4.39,5,0.1389521640091116,0.05023923445,0.011520737327,0.011520737327,16.585891918448542,13.500288665771196,7.311779744156453,5.956964352902848,1.0804345364960448,1.0156888059062652,0.009886656332574031,0.015073051321184512,1.437814699412294,0.612850039848766,0.0669652,0.0775585,,,,,,,0.009886656332574031,0.015073051321184512,,,,498.05971302792426,233.33953702595932,,1.437814699412294,0.612850039848766,,,,,,,,,,,
Enjoei,Varejo,ENJU3,Neutral,213.21768,0.158044,0.939744088,0.16817770073590502,1.04,2,0.9230769230769229,-0.037037037036,-0.028037383177,-0.028037383177,n.a.,22.374172512258426,n.a.,n.a.,0.7322035807571267,0.7089974503360921,0,0,-10.611060949886122,-7.965934275517806,-0.0285207,0.0321985,,,,,,,0.0,0.0,,,,-213.47913433503993,-250.25251058048775,,-10.611060949886122,-7.965934275517806,,,,,,,,,,,
Track Field,Varejo,TFCO4,Buy,2515.3239161,14.537047,8.2165815,1.769232983327677,16.05,18,0.12149532710280364,0.0012476606352,-0.015337423313,-0.015337423313,13.13793938854436,10.39162005262689,8.19305763970303,6.57437450439511,3.271350915061055,2.6117393207525064,0.01563054952024922,0.019028859289719625,0.11839444060293966,-0.1860955844323304,0.27634000000000003,0.279511,,,,,,,0.01563054952024922,0.019028859289719625,0.024057846492211838,,,36.13296795005065,-67.83532584903476,-216.0488156479832,0.11839444060293966,-0.1860955844323304,-0.507470143989165,,,,,,,,,,
Grupo Mateus,Varejo,GMAT3,Buy,10095.629554,43.198823,31.502872408,1.3712661639397006,4.49,10,1.2271714922048997,-0.0022222222224,-0.0044345898013,-0.0044345898013,4.82919631020751,3.65584960595325,2.71989302103984,1.95416110846458,0.7483058954505002,0.6211618354848037,0,0,-0.1666569909388846,-0.48170168254992585,0.167968,0.18568400000000002,,,,,,,0.0,0.0,,,,-584.1029277765804,-2000.6461155841628,,-0.1666569909388846,-0.48170168254992585,,,,,,,,,,,
Westwing,Varejo,WEST3,n.a.,61.99016184,0.011086,0.056298652,0.19691412860116084,5.58,n.a.,n.a,-0.068447412354,0.0054054054053,0.0054054054053,n.a.,n.a.,n.a.,n.a.,n.a.,n.a.,n.a.,n.a.,n.a.,n.a.,n.a.,n.a.,,,,,,,,,,,,,,,,,,,,,,,,,,,
Assai,Varejo,ASAI3,Buy,9786.08176,54.230644,141.16183482,0.3841735556154483,7.28,14,0.9230769230769229,0.0027548209364,0,0,8.22606598510645,4.78967094283123,4.19437553955701,3.51966022302551,1.4668665473830134,1.192873563595072,0.030391197980769228,0.05219565247252747,2.707692655002663,2.162108028205644,0.191098,0.27470700000000003,,,,,,,0.030391197980769228,0.05219565247252747,,,,17966.765048486857,15711.21300021737,,2.707692655002663,2.162108028205644,,,,,,,,,,,
Allied,Varejo,ALLD3,Buy,795.5210677,10.276182,1.406167596,7.3079354333236966,8.38,10,0.19331742243436745,0.0096385542165,0.026960784315,0.026960784315,6.243604901432613,n.a.,2.3021398734364507,n.a.,0.4379409459106349,n.a.,0,n.a.,-0.5411757123875733,n.a.,0.0723079,n.a.,,,,,,,0.0,,,,,-149.6822357800694,,,-0.5411757123875733,,,,,,,,,,,,
Smart Fit,Varejo,SMFT3,Buy,13724.806228,97.318103,105.72803322,0.9204569501212556,22.98,32,0.392515230635335,-0.014579759862,-0.013733905578,-0.013733905578,13.74844209611639,10.54830320533327,8.29399049793056,6.8711046640194,1.9769272459803335,1.664891651633376,0,0,3.4404701528075576,2.861785114414784,0.154932,0.17135899999999998,,,,,,,0.0,0.0,0.0,,,9749.417944602634,9817.119941101766,9292.216658920435,3.4404701528075576,2.861785114414784,2.2869833979558507,,,,,,,,,,
Vulcabras,Varejo,VULC3,Buy,6301.5533467,20.147574,17.090941592,1.1788451731314067,19.91,20,0.0045203415369161615,-0.0054945054935,-0.0069825436403,-0.0069825436403,8.48242260689898,7.7787664668404,6.59775544689072,5.94041756278803,2.195574885534569,1.998179458795452,0.08252359407835258,0.08356080655951782,-0.2991822991635765,-0.4102606016405373,0.26929400000000003,0.268967,,,,,,,0.08252359407835258,0.08356080655951782,0.0,,,-237.71240892031489,-354.00709959611993,0.0,-0.2991822991635765,-0.4102606016405373,,,,,,,,,,,
Imc S/A,Varejo,MEAL3,n.a.,358.345675,0.195166,0.45484438,0.4290830195593491,1.25,n.a.,n.a,0.0080645161288,-0.015748031497,-0.015748031497,n.a.,n.a.,n.a.,n.a.,n.a.,n.a.,n.a.,n.a.,n.a.,n.a.,n.a.,n.a.,,,,,,,,,,,,,,,,,,,,,,,,,,,
Espacolaser,Varejo,ESPA3,Neutral,368.6508327,0.089914,0.484231164,0.18568404242565437,1.02,4,2.9215686274509802,0.068945559527,0.017553946089,0.017553946089,n.a.,n.a.,n.a.,n.a.,n.a.,n.a.,n.a.,n.a.,n.a.,n.a.,n.a.,n.a.,,,,,,,,,,,,,,,,,,,,,,,,,,,
Vivara,Varejo,VIVA3,Buy,7583.4167196,54.536221,81.985843636,0.6651907034356982,32.26,38,0.17792932424054575,-0.023016353725,-0.029482551143,-0.029482551143,10.56701593328842,8.49397297011157,6.77053352766907,5.49560941291728,2.0335478665397533,1.707004751674727,0.023275069491630503,0.023658523992560448,n.a.,n.a.,n.a.,n.a.,,,,,,,,,,,,,,,,,,,,,,,,,,,
Tc,Varejo,TRAD3,n.a.,161.30631,0.013829,0.25587788,0.054045312553003794,4.07,n.a.,n.a,0.0099255583136,0.0074257425731,0.0074257425731,n.a.,n.a.,n.a.,n.a.,n.a.,n.a.,n.a.,n.a.,n.a.,n.a.,n.a.,n.a.,,,,,,,,,,,,,,,,,,,,,,,,,,,
Americanas,Varejo,AMER3,n.a.,1005.2295235,13.585989,16.417259252,0.8275430625452852,5.02,n.a.,-,-0.061682242991,-0.021442495126,-0.021442495126,n.a.,n.a.,n.a.,n.a.,n.a.,n.a.,n.a.,n.a.,n.a.,n.a.,n.a.,n.a.,,,,,,,,,,,-0.388781204319457,,,,,,,13316.6190000156,3833.193,0.28785031696083,873.344000000977,0.0655830132258416,-215.027000000488,-214.625,-0.0161170789672542,-0.0201517940636404,-0.016147266810009064
Eztec,Moradia,EZTC3,Buy,3799.8186673,73.439107,24.6030926,2.9849542979812225,13.7,28,1.0437956204379564,0.013313609466,-0.0021849963587,-0.0021849963587,4.70751158457765,4.60284265313431,6.66238465037141,6.68043266246232,0.8687821829896252,0.8371780378257814,0.43764992029197075,0.17380563714598538,0.2217961940817231,0.4790235957740128,0.168105,0.18525200000000003,,,,,,,0.43764992029197075,0.17380563714598538,0.18138887486131383,,,106.18444257889078,239.0750999697176,264.83776686429275,0.2217961940817231,0.4790235957740128,0.5098135460241011,,,,,,,,,,
Lopes Brasil,Moradia,LPSB3,Buy,229.27096,0.285005,0.242237952,1.1765497422963682,1.67,6.7,3.0119760479041915,-0.017647058824,-0.040229885058,-0.040229885058,n.a.,n.a.,n.a.,n.a.,n.a.,n.a.,n.a.,n.a.,n.a.,n.a.,n.a.,n.a.,,,,,,,,,,,,,,,,,,,,,,,,,,,
Cyrela Realt,Moradia,CYRE3,Buy,10545.85156,142.120101,140.55346568,1.0111461877686232,23.96,32,0.335559265442404,-0.03805545854,-0.03773069671,-0.03773069671,5.08954505675297,4.9521562826858,6.45247085193822,6.46617651642637,0.9446087127932189,0.9269253237081654,0.2063052764607679,0.18173901400250414,0.3179641958085343,0.6393843681172459,0.18474000000000002,0.188945,,,,,,,0.2063052764607679,0.18173901400250414,0.18941256204507512,,,522.8264838500683,1112.0220760791974,1346.9652115175745,0.3179641958085343,0.6393843681172459,0.7316620746240527,,,,,,,,,,
MRV,Moradia,MRVE3,Buy,4345.01672,37.799949,62.332872788,0.6064207746137612,7.72,12,0.5544041450777202,0.0039011703502,-0.0089858793326,-0.0089858793326,5.293594270814883,3.63600120667467,4.334346690105489,3.636223094526906,0.7024695626853991,0.6047786917352135,0,0.047226891075129535,1.7185845089814038,1.16390006919603,0.142248,0.178761,,,,,,,0.0,0.047226891075129535,0.13751370573834198,,,3455.6858776040976,2493.4323811754484,1614.2526807808326,1.7185845089814038,1.16390006919603,0.6485200165165563,,,,,,,,,,
Even,Moradia,EVEN3,Neutral,1471.67967,8.558418,6.172412096,1.386559722016331,7.5,9,0.19999999999999996,-0.024707412224,-0.035989717224,-0.035989717224,4.000207162348217,3.638735674675509,2.587371582232891,2.261943585211904,0.6810875606167929,0.6565126050420167,0.19998964241333334,0.21985658522666668,-3.9180096982123214,-3.8402206359529445,0.173213,0.18373899999999999,,,,,,,0.19998964241333334,0.21985658522666668,0.23983525808,,,-1574.4881367768505,-1689.6759890686965,-1809.7985372907394,-3.9180096982123214,-3.8402206359529445,-3.7723141673538363,,,,,,,,,,
Direcional,Moradia,DIRR3,Buy,7087.0775894,146.775744,73.946363224,1.9848946939470653,13.63,20,0.46735143066764473,-0.028510334996,-0.034702549575,-0.034702549575,6.41807667775462,5.1515020426409,5.44232045844819,4.31439534778041,2.883990783078613,2.392268917002485,0.11218314085840059,0.12464793429200292,0.22947450462819458,0.17697626961219343,0.480854,0.507661,,,,,,,0.11218314085840059,0.12464793429200292,0.17470632691856197,,,325.51728996456666,317.2805860237111,620.7934778253415,0.22947450462819458,0.17697626961219343,0.33716528771725063,,,,,,,,,,
Helbor,Moradia,HBOR3,Neutral,334.38888,5.305233,3.970229608,1.336253447233876,2.52,4.7,0.8650793650793651,0.028571428571,0.0079999999998,0.0079999999998,1.876304891747388,1.849044951766668,6.956184368543849,7.624639749315288,0.21181098391245143,0.20477482894800994,0.3730736955952381,0.37857381420634917,2.955250857705747,3.4883309487650225,0.114832,0.112617,,,,,,,0.3730736955952381,0.37857381420634917,0.3640328343650794,,,767.9004994853112,917.8489052325743,1035.03556348442,2.955250857705747,3.4883309487650225,3.8864583469974776,,,,,,,,,,
Tecnisa,Moradia,TCSA3,Neutral,82.45328,0.077758,0.138241752,0.5624784037748596,1.12,4.6,3.1071428571428568,-0.008849557521,-0.008849557521,-0.008849557521,0.8159225811685408,0.7233209012911429,5.721097770241422,5.282145209951869,0.11327960643428164,0.10819583446037327,0.85792453375,0.9677585684821428,4.8920855788245,4.521546165159817,0.141789,0.153016,,,,,,,0.85792453375,0.9677585684821428,1.049527819732143,,,697.6625747046155,708.1594966950778,727.0746328794264,4.8920855788245,4.521546165159817,4.334013614834793,,,,,,,,,,
Trisul,Moradia,TRIS3,Buy,1436.1331526,2.958624,3.27007718,0.9047566271815027,6.15,9,0.46341463414634143,0.012884946061,-0.017571884984,-0.017571884984,3.369527249062898,2.942022068173429,5.166740538044476,4.664908398127611,0.6654691828254847,0.6366670531528994,0.23742203011382115,0.2719218216097561,1.9200742429150621,1.908673323738445,0.20147500000000002,0.221191,,,,,,,0.23742203011382115,0.2719218216097561,0.3031664058861789,,,708.231728950393,834.704012139956,1001.3675261021399,1.9200742429150621,1.908673323738445,2.040171793138421,,,,,,,,,,
Lavvi,Moradia,LAVV3,Buy,3076.1367005,9.193233,6.922030872,1.328112106114282,15.74,12,-0.23761118170266837,-0.0063131313127,-0.015018773466,-0.015018773466,7.59809032136504,7.08972195047149,8.18016514520001,7.66445630522842,2.124276949570691,2.0041764286441888,0.1052896143837357,0.1128394040851334,0.224168740670894,0.3493414751506994,0.287622,0.29091100000000003,,,,,,,0.1052896143837357,0.1128394040851334,0.12163106613722999,,,90.97419593807743,155.3012421405389,203.81887094258698,0.224168740670894,0.3493414751506994,0.4220209571988594,,,,,,,,,,
JHSF Part,Moradia,JHSF3,Buy,5223.6258234,22.528137,19.134804932,1.1773382106616188,7.84,9,0.1479591836734695,-0.01754385965,-0.011349306431,-0.011349306431,11.614538023591948,8.926019001245427,8.947000161313643,7.526037942930801,0.8941350896701166,0.8326155917889659,0,0,3.0542331446495052,2.577000444905588,0.079222,0.09660289999999999,,,,,,,0.0,0.0,0.0,,,2918.6315616364227,2966.583391521024,2957.525970433481,3.0542331446495052,2.577000444905588,2.6058997265530772,,,,,,,,,,
Cury S/A,Moradia,CURY3,Buy,9709.6601629,124.714709,65.508829544,1.9037847244123556,31.52,44,0.3959390862944163,-0.011292346299,-0.022029165374,-0.022029165374,7.3601167864444,6.15991630562775,5.80669162168426,5.01478473668699,4.3395475691236784,3.5200768341644,0.08273318285850254,0.10869392744923857,-0.37811585193333375,-0.5072483371530749,0.666436,0.63103,,,,,,,0.08273318285850254,0.10869392744923857,0.1298718944067259,,,-584.016873008854,-883.2253911636715,-1145.033879477575,-0.37811585193333375,-0.5072483371530749,-0.5917909622762892,,,,,,,,,,
Tenda,Moradia,TEND3,Buy,2846.26116,82.798021,43.9542654,1.8837311975642759,23.22,44,0.8949181739879415,-0.040892193309,-0.054560260586,-0.054560260586,4.359229003321,3.2380982057974,3.13912578585928,2.48345996861668,1.476347914547304,1.1785067172852726,0.05025254732127476,0.1376390181696813,-0.08999966443021713,-0.14113656349342463,0.39028199999999996,0.40478000000000003,,,,,,,0.05025254732127476,0.1376390181696813,0.24705859710163652,,,-80.1032110844034,-154.67566152134714,-59.40289699593592,-0.08999966443021713,-0.14113656349342463,-0.04417646054331681,,,,,,,,,,
Melnick,Moradia,MELK3,Buy,780.9647976,2.02861,1.86255136,1.089156542775819,3.8,7.5,0.9736842105263159,0.021505376344,0,0,3.531267523501028,3.294262606136501,3.490382166750228,3.723845876064095,0.551833903803733,0.530724774511803,0.22654754834210525,0.2428464562894737,-0.3221431803226014,0.21411128220061712,0.159259,0.164247,,,,,,,0.22654754834210525,0.2428464562894737,0.26095431823684206,,,-76.58883648754656,56.160602205940954,104.95888158771098,-0.3221431803226014,0.21411128220061712,0.3683853505573829,,,,,,,,,,
Planoeplano,Moradia,PLPL3,Buy,2650.0017268,15.245488,14.91775014,1.02196965741645,13.06,23,0.7611026033690658,-0.030749700242,-0.046715328467,-0.046715328467,4.70108072938735,3.5923912868907,3.92500644764377,3.00466367739106,1.7780367533539,1.4022218667159128,0.09397695198315466,0.12763022686830014,-0.037710751483884905,-0.22751927377102166,0.422856,0.436457,,,,,,,0.09397695198315466,0.12763022686830014,0.1948562793108729,,,-26.434573679729038,-197.7667513531287,-358.83457380653255,-0.037710751483884905,-0.22751927377102166,-0.3559538894052831,,,,,,,,,,
Mitre Realty,Moradia,MTRE3,Neutral,386.078093,1.206714,2.234438352,0.5400524919024483,3.65,7,0.9178082191780823,0.011080332409,-0.018817204301,-0.018817204301,2.412252899387658,2.104778501435098,5.940357459904442,5.34197259045985,0.3603052229450263,0.34837884529115876,0.33164018589041094,0.38008750063013697,3.840416458727428,3.496979268463908,0.15163000000000001,0.168304,,,,,,,0.33164018589041094,0.38008750063013697,0.38473486539726026,,,789.1510679170232,824.3988387257829,841.4178138624734,3.840416458727428,3.496979268463908,3.4639644569844337,,,,,,,,,,
Iguatemi SA,Propriedades Comerciais,IGTI11,Buy,3913.1131057,34.398661,54.572062344,0.6303346350219436,25.31,25,-0.012248123271434208,0.00039525691682,-0.010168165819,-0.010168165819,16.52442402214806,14.94856680510512,8.03796328197327,7.64973170443262,1.6049766324026453,1.6193528986480865,0.027716983287238244,0.07020785531015408,1.638698799962731,1.5619297699435701,0.0994917,0.107845,,,,,,,0.027716983287238244,0.07020785531015408,0.09007387391544842,,,1929.3437147921134,1933.1936581288082,1937.2323008222936,1.638698799962731,1.5619297699435701,1.4877612332461139,,,,,,,,,,
Multiplan,Propriedades Comerciais,MULT3,Buy,13211.811032,47.774373,100.28246738,0.47639806087906406,27.04,28,0.035502958579881616,-0.0070054111548,-0.0077064220177,-0.0077064220177,13.55426994592679,12.7652939938273,8.82823578456914,8.42788849014385,1.9970015435403943,1.8145458937846433,0.04139677446005917,0.033066191693786974,1.7582528090701033,1.6018680143669144,0.153059,0.148951,,,,,,,0.04139677446005917,0.033066191693786974,0.1081699225480769,,,3293.2476963605895,3107.6141141350577,3538.0521802733556,1.7582528090701033,1.6018680143669144,1.660947129470435,,,,,,,,,,
Allos,Propriedades Comerciais,ALOS3,Buy,14251.901536,225.908688,95.271967756,2.3711978803520917,28.55,25,-0.12434325744308239,0.0095473833098,0.0063447303492,0.0063447303492,15.82309549816607,13.57083119188776,7.58283612979141,7.24913181788462,1.1192961959611243,1.14454546912333,0.07324810609807354,0.0860077935341506,0.5946552445800352,0.5705963704826795,0.07005449999999999,0.083398,,,,,,,0.07324810609807354,0.0860077935341506,0.09133026440980735,,,1279.8503573191638,1285.0080486089626,1289.9801512150177,0.5946552445800352,0.5705963704826795,0.5509900566015663,,,,,,,,,,
Log Com Prop,Propriedades Comerciais,LOGG3,Buy,2205.42465,17.453461,7.08569048,2.4631983360357,25.35,26,0.02564102564102555,0.059339740912,0.047520661157,0.047520661157,4.197027277719,3.573360502204523,13.900048269457168,11.724515985326594,0.5424629744946107,0.5035326740067891,0.11913193956607494,0.13992430925838262,4.230675053632768,3.4317230396053553,0.133662,0.146157,,,,,,,0.11913193956607494,0.13992430925838262,0.23298824831952664,,,978.3369780024813,926.8214506965646,1026.8593084471102,4.230675053632768,3.4317230396053553,3.2977397984970933,,,,,,,,,,
Sao Carlos,Propriedades Comerciais,SCAR3,Neutral,772.79902,0.586274,1.505284616,0.38947717512579694,13.51,29,1.146558105107328,0.018853695325,-0.030150753769,-0.030150753769,9.55747115502575,6.900220925359536,5.989708247408007,5.340606759888274,0.5018666765727446,0.4754715121824177,0.026157546898593634,0.036230724019245,4.645831352966449,3.4178266357120193,0.0535914,0.0707677,,,,,,,0.026157546898593634,0.036230724019245,0.04731841406365655,,,1476.3042243971297,1352.9943039051493,1199.948674114697,4.645831352966449,3.4178266357120193,,,,,,,,,,,
Syn Prop Tec,Propriedades Comerciais,SYNE3,Buy,737.27052,9.237597,4.004896296,2.30657583049686,4.83,9.1,0.8840579710144927,-0.037848605577,-0.043564356436,-0.043564356436,15.939711311228528,11.684042163987543,10.273580682297696,8.279265136491215,0.6385721368368864,0.6515123719906333,0.022069703354037264,0.11669074954451346,3.4406529753411483,2.86405387844813,0.0405887,0.055201599999999997,,,,,,,0.022069703354037264,0.11669074954451346,0.12908859080745344,,,372.28059770012135,391.0228494808765,409.08992424448905,3.4406529753411483,2.86405387844813,2.819519934024571,,,,,,,,,,
Hbr Realty,Propriedades Comerciais,HBRE3,Buy,363.42508899,5.511504,1.525626788,3.6126161675656157,3.53,8,1.2662889518413598,0.042898976935,0.024800946967,0.024800946967,n.a.,n.a.,18.89685159424865,16.104068984366812,0.1969591295857163,0.20255576021529437,0,0,12.922519373634893,11.1544550722904,-0.0362169,-0.0280178,,,,,,,0.0,0.0,0.0,,,2403.306344604368,2503.965524731587,2538.396951885717,12.922519373634893,11.1544550722904,10.284386045833553,,,,,,,,,,
CPFL Energia,Serviços Básicos,CPFE3,Neutral,61945.198694,52.757682,69.1671239,0.762756625189095,53.76,43,-0.20014880952380953,0.0099567912839,0.0088196659799,0.0088196659799,15.216239653599,13.334940874662,7.8361814008522,7.7242703233022,2.893464945801354,2.744579506527055,0.049289444507068444,0.056243219002976186,2.6414815121426543,2.703302280986835,0.19478600000000001,0.211253,,,,,,,0.049289444507068444,0.056243219002976186,0.07157786114583332,,,32252.15456271476,34290.416094474655,34978.58275756112,2.6414815121426543,2.703302280986835,2.3965223086300287,,,,,,,,,,
Equatorial,Serviços Básicos,EQTL3,Buy,48190.621644,193.03946,280.9646241,0.6870596631812766,38.3,46,0.2010443864229765,-0.0017389941349,-0.0051948051951,-0.0051948051951,18.7736273546287,13.4625561094654,8.6509192226143,8.3192231069866,1.5803720270024924,1.4927525499565424,0.02663310560835509,0.03714004947780678,3.996230427755753,3.9852447436210676,0.08599,0.11404299999999999,,,,,,,0.02663310560835509,0.03714004947780678,0.044011003250652735,,,45820.29294591776,50064.70615545215,52856.44618278187,3.996230427755753,3.9852447436210676,3.907450927156254,,,,,,,,,,
Energisa,Serviços Básicos,ENGI11,Buy,25258.429537,79.578841,124.36959798,0.6398576685340509,47.09,60,0.27415587173497546,-0.0048605240909,-0.0014843087346,-0.0014843087346,21.46303414927295,13.69165116607627,6.27798864588196,6.1305206204644,1.2427982887440847,1.1735591564529553,0.016307107260564876,0.025563023463580376,4.038623070016505,4.058168247227245,0.059014800000000006,0.0881695,,,,,,,0.016307107260564876,0.025563023463580376,0.034582287139520065,,,34362.336665770745,36064.02797026843,37229.16612960553,4.038623070016505,4.058168247227245,3.7507854103567353,,,,,,,,,,
Light S/A,Serviços Básicos,LIGT3,No Rating,1758.4611293,2.682008,6.132819,0.437320586177417,4.72,0,-1,0.046563192904,-0.0021141649049,-0.0021141649049,1.135749200771028,1.016684380812907,2.653623001779165,2.374547400728486,0.30253695181201684,0.2473366765706141,0.22011901908898304,0.24589735489406778,2.1526032204371712,1.8831459846407756,0.29593800000000003,0.267699,,,,,,,0.22011901908898304,0.24589735489406778,,,,7570.996311284203,6752.918477966909,,2.1526032204371712,1.8831459846407756,,,,,,,,,,,
Cemig,Serviços Básicos,CMIG4,Neutral,35158.52588,134.75039,127.43392443,1.057413797799337,11.16,12.7,0.13799283154121866,0.0035971223024,-0.0035714285705,-0.0035714285705,5.9217292329085,8.6331896643332,6.14685961607,7.1478650710403,0.9691285658460336,0.9176273249025636,0.08443479603942651,0.05791602170250895,2.104865418892921,2.693615236126576,0.170638,0.109192,,,,,,,0.08443479603942651,0.05791602170250895,0.08877585638888888,,,16663.178652155435,19350.410853900252,19900.7580235854,2.104865418892921,2.693615236126576,2.0993399154238155,,,,,,,,,,
Auren,Serviços Básicos,AURE3,Buy,12153.09414,66.874083,0,n.a,11.63,12.3,0.05760963026655208,-0.025963149079,-0.020219039595,n.a.,n.a.,28.0039299216005,9.2873514610867,6.935501719136,0.9385314363646634,0.9385314363646634,0,0.035709273766122096,5.729849765138588,4.097082133548736,-0.028738,0.0335142,,,,,,,0.0,0.035709273766122096,0.0697409005588994,,,19615.370169872098,17579.093028983265,15567.85349684754,5.729849765138588,4.097082133548736,3.3715388244145896,,,,,,,,,,
Engie Brasil,Serviços Básicos,EGIE3,Neutral,35559.762765,38.715511,55.361834644,0.6993177023297205,31.13,26,-0.16479280436877608,-0.0047953964195,-0.0076506216128,-0.0076506216128,14.9348586632099,11.999623573525,8.7666263637378,7.7124135045606,2.4660551040131815,2.4660551040131815,0.0368265955766142,0.08333594748795373,3.6420136389114055,3.153143186229058,0.171492,0.20551100000000003,,,,,,,0.0368265955766142,0.08333594748795373,0.10011396850305172,,,25325.087904461572,24644.430966542255,23091.459658037147,3.6420136389114055,3.153143186229058,2.7250082509826776,,,,,,,,,,
Eneva,Serviços Básicos,ENEV3,Buy,38353.924889,99.985209,145.79459478,0.6857950334227061,20.02,17.1,-0.1458541458541458,-0.0034843205576,-0.0079286422206,-0.0079286422206,30.6298733101398,12.2569380908298,8.8572551423068,5.9837663767979,1.8090306956906754,1.684717208182912,0.016323933006993006,0.04079322227772227,2.8171331873195142,1.5909167856215631,0.0599463,0.142341,,,,,,,0.016323933006993006,0.04079322227772227,,,,17229.704441908896,13378.803828347192,,2.8171331873195142,1.5909167856215631,,,,,,,,,,,
Axia Energia,Serviços Básicos,AXIA3,Buy,142225.50692,752.19344,379.20935942,1.9835835306134808,50,60,0.19999999999999996,0.0024057738574,-0.012052953961,-0.012052953961,10.3158484563444,8.7105378506016,5.514110131511,5.0358443028007,1.159560046951511,1.0957573946818044,0.08348871926891616,0.10727172576687116,1.285457406926019,1.1048588408144615,0.115937,0.129356,,,,,,,,,,,,,,,,,,,,,,,,,,,
Alupar,Serviços Básicos,ALUP11,Buy,11202.731497,15.403613,27.584628068,0.5584129306375971,31.99,39,0.21913097843075957,0.010742496049,0.0075590551187,0.0075590551187,16.7384852401439,15.63763476588722,9.414129589006,9.2113621288896,1.766788355434296,1.6664582942635076,0.029871281231634884,0.031974144907783685,3.135310839944998,3.3545297140388,0.109439,0.109681,,,,,,,0.029871281231634884,0.031974144907783685,0.037457027714910905,,,9975.025352938017,11441.427061397178,12125.138086577192,3.135310839944998,3.3545297140388,3.089547051465699,,,,,,,,,,
Taesa,Serviços Básicos,TAEE11,Sell,14494.02547,59.179498,65.976113012,0.8969837005892753,41.97,35,-0.1660710030974505,0.014748549323,-0.00332462598,-0.00332462598,11.3782265744055,9.27093585974833,10.24648288002535,9.54712471967089,12.578333618046626,12.578333618046626,0.08788715828925422,0.10786397566833453,4.337340188512565,3.9759212323441564,1.10548,1.3567500000000001,,,,,,,0.08788715828925422,0.10786397566833453,,,,10634.996555767171,10340.156101843038,,4.337340188512565,3.9759212323441564,,,,,,,,,,,
ISA Brasil,Serviços Básicos,ISAE4,Neutral,19555.318775,50.814017,52.001233108,0.9771694623945878,26.9,25,-0.07063197026022305,-0.029022691057,-0.023238925201,-0.023238925201,13.17384339773296,10.62378740624264,8.69387122000081,8.1570399333165,1.73592065100251,1.6677929952694195,0.056930994044609655,0.07059629220074348,4.204557746661216,4.154426996962295,0.133977,0.160128,,,,,,,0.056930994044609655,0.07059629220074348,,,,16119.601225740023,17864.11233774889,,4.204557746661216,4.154426996962295,,,,,,,,,,,
Copasa,Serviços Básicos,CSMG3,Buy,16482.99807,308.636594,68.42346576,4.510683441300153,43.47,46,0.05820105820105814,0.0048543689318,-0.010245901639,-0.010245901639,14.92232238760703,16.96717426139814,7.49506987431891,7.46920997790164,1.7833114538890709,1.6942744670070546,0.033506848801472276,0.029468666514837816,2.6084647577978215,2.95135873664842,0.12318699999999999,0.102413,,,,,,,0.033506848801472276,0.029468666514837816,,,,8817.093837380806,10790.40657675337,,2.6084647577978215,2.95135873664842,,,,,,,,,,,
Sabesp,Serviços Básicos,SBSP3,Buy,93651.188748,403.284073,359.9519667,1.1203830241497608,133.07,140,0.05207785376117835,-0.0073107049611,-0.0023989804322,-0.0023989804322,13.4548172004188,10.4283091645285,8.0082675111503,6.9362545083463,1.98212852033741,1.8022837686109803,0.035303341020515515,0.04554909070188622,2.23396007946294,2.154668545114515,0.15324400000000002,0.181039,,,,,,,0.035303341020515515,0.04554909070188622,0.07598294936950477,,,35262.41580572501,41071.92520701378,46339.52334523161,2.23396007946294,2.154668545114515,2.1709194121263775,,,,,,,,,,
Sanepar,Serviços Básicos,SAPR11,Neutral,12356.62389,71.349643,39.16759536,1.8216498190457204,40.19,37,-0.07937297835282409,0.030869033662,0.014192456465,0.014192456465,9.65470847450144,8.26918322296737,6.08961299190485,5.91617408267143,0.9559442655236879,0.8843773930341251,0.031072921652152273,0.03627927836526499,2.549245973480601,2.6051554837483235,0.102568,0.111108,,,,,,,0.031072921652152273,0.03627927836526499,,,,8764.89370897117,9577.567604884465,,2.549245973480601,2.6051554837483235,,,,,,,,,,,
Orizon,Serviços Básicos,ORVR3,Buy,6673.13634,27.174004,25.835733312,1.0517992143609258,69.42,54,-0.22212618841832332,0.0021654395841,-0.0071510297485,-0.0071510297485,20.46289561120813,14.354841757916526,9.583719156668142,6.328578846164651,3.515221486297624,3.481357037185627,0.021085269328723708,0.060114304635551716,1.4268338610212208,0.7311913997152081,0.180291,0.243695,,,,,,,0.021085269328723708,0.060114304635551716,,,,1027.1811364321554,767.0853494996081,,1.4268338610212208,0.7311913997152081,,,,,,,,,,,
Ambipar,Serviços Básicos,AMBP3,No Rating,500.053413,9.191456,16.2867697,0.5643510757077875,0.3,0,-1,0.071428571429,0.11111111111,0.11111111111,0.2760244326634224,n.a.,3.2334682223238884,n.a.,0.016868052470888552,n.a.,0.9057169236666667,n.a.,3.204963698330376,n.a.,0.0642963,n.a.,,,,,,,0.9057169236666667,,,,,5646.345470261646,,,3.204963698330376,,,,,,,,,,,,
Neoenergia,Serviços Básicos,NEOE3,Buy,38477.372762,62.433169,47.445825832,1.315883281725739,31.7,40,0.26182965299684535,0.0077004113409,0.0067667790881,0.0067667790881,13.8348742061155,11.650990737684,7.0822871913042,7.0979471424378,1.0080004070159372,0.9465794738570873,0.01807027633753943,0.021457402690851734,3.960093867153364,4.048810521490967,0.0749059,0.0837975,,,,,,,0.01807027633753943,0.021457402690851734,,,,49109.053727819366,51436.47938700474,,3.960093867153364,4.048810521490967,,,,,,,,,,,
Vale,Metais & Mineração,VALE3,Neutral,308974.22489,2049.470768,1332.5607786,1.5379942145327075,72.38,80,0.10527770102238199,-0.010120350109,0.0058365758759,0.0058365758759,5.7261437391609,6.6079732719302,4.1877309645968,4.3848691593402,1.249717258538792,1.16501783549175,0.10632227367269984,0.09316156549019608,0.9335465733300073,0.9704077410516209,0.227978,0.18248899999999998,,,,,,,0.10632227367269984,0.09316156549019608,,,,88290.97491292784,87469.07289103023,,0.9335465733300073,0.9704077410516209,,,,,,,,,,,
CSN,Metais & Mineração,CSNA3,Neutral,11537.017338,109.159147,87.209417492,1.2516898993163614,8.7,10,0.149425287356322,-0.050218340612,-0.026845637584,-0.026845637584,10.3736918297695,5.27458584739394,4.69212158864807,4.26486680284398,0.9556448955381269,0.8157524613220815,0,0,3.3982276159336484,3.10954390809209,0.09597939999999999,0.16687100000000002,,,,,,,0.0,0.0,0.0,,,38723.28168495907,39683.65763751287,37545.20666078668,3.3982276159336484,3.10954390809209,2.550190439309717,,,,,,,,,,
Gerdau,Metais & Mineração,GGBR4,Buy,38528.109969,119.776867,181.90304008,0.6584654492158172,20.51,20,-0.024865919063871367,-0.011566265059,0.0058852378606,0.0058852378606,10.6660089769021,9.6669584300848,3.9758020661581,3.6921939918456,0.7057350001204326,0.6737623599750336,0.03281452329107752,0.03620580377376889,0.5453049984568976,0.3860864062289314,0.0676209,0.0713129,,,,,,,0.03281452329107752,0.03620580377376889,,,,5974.623767326597,4391.512166336335,,0.5453049984568976,0.3860864062289314,,,,,,,,,,,
Usiminas,Metais & Mineração,USIM5,Neutral,7354.0097665,51.033301,64.50651108,0.7911341063960082,5.98,5,-0.16387959866220747,0.010135135136,0.0050420168081,0.0050420168081,23.63307717282357,14.39476642146734,5.29960109567508,4.56432609434224,0.3009153260503102,0.2962698731192065,0.010578393929765886,0.017367423177257525,0.9390849194540474,0.9743847494123539,0.0127939,0.0207419,,,,,,,0.010578393929765886,0.017367423177257525,,,,1585.8975334504364,1944.0941668630405,,0.9390849194540474,0.9743847494123539,,,,,,,,,,,
Csn Mineracao,Metais & Mineração,CMIN3,Neutral,28789.836051,43.355197,35.222181356,1.2309060748338507,5.3,6.5,0.2264150943396226,-0.027522935779,-0.027522935779,-0.027522935779,16.36327041390112,13.48776465054657,6.52236853496983,6.22059629599807,2.388291065087691,2.19404461776017,0.030556238905660376,0.037070634981132077,0.04866164124228634,0.482863352652399,0.151482,0.169565,,,,,,,0.030556238905660376,0.037070634981132077,0.05213667596226415,,,218.990147825379,2451.742024790725,2604.7615424722694,0.04866164124228634,0.482863352652399,0.4136029154675091,,,,,,,,,,
CBA,Metais & Mineração,CBAV3,Buy,4583.55392,26.135396,26.00163156,1.0051444633269007,7.04,7,-0.005681818181818232,-0.020862308762,-0.019498607242,-0.019498607242,10.696777670748228,8.399940648212018,4.617362295956086,4.249642172581307,0.9609098068762378,0.8849824512002574,0,0.02976211505681818,1.8327971887254326,1.5784132072347374,0.0940564,0.109689,,,,,,,0.0,0.02976211505681818,0.025515157556818182,,,3023.2266188749804,2714.0838475817413,2483.211811524729,1.8327971887254326,1.5784132072347374,1.4973243057814045,,,,,,,,,,
Aura 360,Metais & Mineração,AURA33,n.a.,22493.91596,80.1002462,23.019601617,3.4796538850979024,89.76,n.a.,n.a,-0.1015015015,-0.013951444579,-0.013951444579,n.a.,n.a.,n.a.,n.a.,n.a.,n.a.,n.a.,n.a.,n.a.,n.a.,n.a.,n.a.,,,,,,,,,,,,,,,,,,,,,,,,,,,
Suzano S.A.,Papel & celulose,SUZB3,Buy,64106.59983,288.324433,293.04229214,0.9839004155149522,51.87,62,0.19529593213803742,0.0036764705874,0.0081632653055,0.0081632653055,9.2032348789678,7.7443282389345,5.6623078550608,5.0249563246473,1.3514675421112283,1.206851622630271,0.026117284146905725,0.032250245049161366,3.101497135627174,2.68125039437683,0.15539999999999998,0.16464600000000001,,,,,,,0.026117284146905725,0.032250245049161366,,,,76132.72879634197,71913.71845577266,,3.101497135627174,2.68125039437683,,,,,,,,,,,
Klabin S/A,Papel & celulose,KLBN11,Buy,23398.895312,74.609475,95.805053064,0.7787634640748974,19.09,24,0.25720272393923516,0.026344086022,0.017590618336,0.017590618336,10.4100962485697,9.3877673035684,6.0456395958063,5.8608712892866,1.793027012811361,1.6865745485387142,0.05280993987951807,0.054086651911995805,3.2052652204662646,3.0875437730981776,0.17565799999999998,0.185153,,,,,,,0.05280993987951807,0.054086651911995805,0.05438989744892614,,,26247.487506504607,25894.725722321517,25738.41214653983,3.2052652204662646,3.0875437730981776,3.051795424233814,,,,,,,,,,
Dexco,Papel & celulose,DXCO3,Buy,4556.421072,12.356264,14.036796648,0.8802766264880352,5.02,7,0.3944223107569722,-0.019531250001,0.003999999999,0.003999999999,8.31752779736778,7.787521546997672,5.2067102271437,5.087177279907328,0.5628212818198636,0.5303991623496894,0.030057008047808767,0.032102639900398404,2.8954741573347005,2.826738246126057,0.06967620000000001,0.0701288,,,,,,,,,,,,,,,,,,,,,,,,,,,
Irani,Papel & celulose,RANI3,Buy,2003.05369,4.597114,5.1701847,0.8891585633294687,8.69,10,0.15074798619102414,0.0011520737334,0.0011520737334,0.0011520737334,9.713948818532492,9.27935676495154,6.016912615303258,5.643743671362439,1.4303231806173926,1.4205288486687242,0.07466020586881474,0.10294474663981588,1.9738893514244689,1.9032977025842055,0.150284,0.153611,,,,,,,0.07466020586881474,0.10294474663981588,,,,1164.7510302469602,1203.3457955220135,,1.9738893514244689,1.9032977025842055,,,,,,,,,,,
Qualicorp,Saúde & Educação,QUAL3,Neutral,654.01287798,7.197829,4.920050488,1.462958361414278,2.31,4,0.7316017316017316,0.035874439463,0.013157894738,0.013157894738,9.913024650273208,8.298499415851714,2.368205427147867,2.136470686049871,0.480295412866927,0.45927740355174523,0,0,1.1665554470989377,0.8954196758886431,0.0495107,0.0565827,,,,,,,0.0,0.0,0.0,,,638.2504866080985,474.35201871968354,307.4140851023542,1.1665554470989377,0.8954196758886431,0.574611401000415,,,,,,,,,,
Odontoprev,Saúde & Educação,ODPV3,Neutral,6105.0436832,14.496828,19.805798964,0.7319486593976922,11.2,13,0.1607142857142858,0.0071942446048,0,0,9.49036296769292,8.74990401833875,6.47598261633972,5.8082014339108,4.278973810387972,4.1217233219617935,0.096770714875,0.10537004784821428,-0.6041616204226948,-0.646008511090742,0.459327,0.47987699999999994,,,,,,,0.096770714875,0.10537004784821428,0.11428696793749998,,,-522.7502251605598,-613.166405257914,-727.6379404502475,-0.6041616204226948,-0.646008511090742,-0.7043313974228196,,,,,,,,,,
Hapvida,Saúde & Educação,HAPV3,Buy,7208.9684139,101.360794,196.47579053,0.5158945726930318,14.56,50,2.434065934065934,0.00068728522274,-0.011541072641,-0.011541072641,6.00596246853144,4.10759017384694,3.29228102118409,2.52521698308158,0.14853671948085598,0.14420553250071805,0,0.02644806632554945,1.3390777105420573,0.84153584980254,0.0248945,0.0356264,,,,,,,0.0,0.02644806632554945,0.0686046030631868,,,5027.827878026333,3665.5137147671808,2168.104841097684,1.3390777105420573,0.84153584980254,0.4448975079562354,,,,,,,,,,
Fleury,Saúde & Educação,FLRY3,Buy,8082.5794349,31.72563,45.790832424,0.6928380271893001,14.83,19,0.28118678354686444,-0.004029550033,-0.011333333332,-0.011333333332,10.63099972649627,8.80438416330059,4.32797365150634,4.03781948620751,1.5477420499493828,1.5477420499493828,0.09313319869858394,0.1135797781456507,0.8256078814286806,0.7619105930036819,0.145693,0.175792,,,,,,,0.09313319869858394,0.1135797781456507,0.1273327549494268,,,1916.9199390333663,1891.314886934295,1750.2543335780165,0.8256078814286806,0.7619105930036819,0.6648772344314584,,,,,,,,,,
Rede D Or,Saúde & Educação,RDOR3,Buy,89306.905722,114.743476,191.95474115,0.5977631774686697,40.47,57,0.40845070422535223,-0.023642943306,-0.0034474267422,-0.0034474267422,15.1820857036021,12.1550950909941,5.9049653947913,4.8879105354201,2.823376750221503,2.509783006406241,0,0,-0.7027561421097054,-0.8456930456218535,0.196157,0.218621,,,,,,,0.0,0.0,0.0,,,-9874.132515479789,-13694.025445350775,-17949.055534291332,-0.7027561421097054,-0.8456930456218535,-0.9587562525339921,,,,,,,,,,
Cogna ON,Saúde & Educação,COGN3,Neutral,6246.1909871,63.448523,95.91044928,0.6615392115906894,3.13,4,0.27795527156549515,-0.024922118379,-0.0094936708856,-0.0094936708856,6.26955511028158,4.94724303612712,3.9329538034915,3.4560307633944,n.a.,n.a.,0.036849909233226834,0.036849909233226834,1.6151973397402857,1.2044303267007594,0.0646002,0.0786891,,,,,,,0.036849909233226834,0.036849909233226834,0.036849909233226834,,,4101.916386205379,3148.61363397632,2076.986044873701,1.6151973397402857,1.2044303267007594,0.7578951996884116,,,,,,,,,,
Yduqs Part,Saúde & Educação,YDUQ3,Buy,3211.67492,21.417088,54.176621232,0.3953197433314606,12.19,23,0.8867924528301887,0.016607912026,0.0016433853743,0.0016433853743,5.35301943493987,3.9810143823511,3.41182830906111,2.86204447304602,0.9369283507294052,0.8218716289104637,0.04741090933552092,0.0850398273831009,1.7995716042438452,1.3521935414228887,0.1857,0.219953,,,,,,,0.04741090933552092,0.0850398273831009,0.11723072955701394,,,3737.1587190029027,2998.5506482646806,2229.746950764434,1.7995716042438452,1.3521935414228887,0.9489608134051688,,,,,,,,,,
Ser Educa,Saúde & Educação,SEER3,Neutral,1226.3766616,9.138178,6.732706444,1.3572815146490889,9.61,12,0.2486992715920917,0.0083945435472,-0.021384928717,-0.021384928717,5.981229754409873,4.671368817471167,3.657473642476205,3.201618909686633,0.8114498015705479,0.7179196019692362,0.041797424651404784,0.053517504131113426,1.8853459924375522,1.5445193237545638,0.14293799999999998,0.16308299999999998,,,,,,,0.041797424651404784,0.053517504131113426,0.06291004177939646,,,1318.810114939269,1155.3962309923077,976.7893462125564,1.8853459924375522,1.5445193237545638,1.2357276245566349,,,,,,,,,,
Anima,Saúde & Educação,ANIM3,Buy,1243.1592092,12.567668,23.863959748,0.5266379985850117,3.29,8,1.43161094224924,-0.0090361445782,-0.0060422960723,-0.0060422960723,5.639369604688826,3.655548385089736,3.145295206366307,2.696456833978954,0.4319121367310422,0.3994759458412611,-0.05438984641337386,-0.07306789726443769,2.268427331379895,1.8834552356127525,0.07846009999999999,0.113543,,,,,,,-0.05438984641337386,-0.07306789726443769,0.10304550370820668,,,3444.5972148264163,3084.6907958980564,2690.5570892249116,2.268427331379895,1.8834552356127525,1.5416503252762275,,,,,,,,,,
Cruzeiro Edu,Saúde & Educação,CSED3,Buy,2216.4187162,3.318661,2.433781072,1.3635823855236229,6.08,6.5,0.06907894736842102,0,-0.022508038585,-0.022508038585,6.260931412759226,5.208290301753422,4.286095207630267,3.820045852398866,1.271213904738408,1.164331620029568,0.08053024226973685,0.11979048332236843,1.9484701145873264,1.66283276497109,0.2138,0.23336400000000002,,,,,,,0.08053024226973685,0.11979048332236843,0.14400118975328946,,,1851.3231180390906,1712.0595353510353,1564.77276534607,1.9484701145873264,1.66283276497109,1.4231805666747324,,,,,,,,,,
Blau,Saúde & Educação,BLAU3,Buy,2471.5390795,4.199152,3.635465648,1.1550520364042236,13.91,19,0.36592379583033785,0.069177555728,-0.0099644128113,-0.0099644128113,8.29220820590733,7.06175935299542,5.28112088181444,4.80569309080934,0.9890078637145742,0.9153965621627312,0.06006327924514737,0.060297569424874194,0.5420033129788752,0.7676125008528447,0.12295,0.134638,,,,,,,0.06006327924514737,0.060297569424874194,0.0708038854061826,,,285.99002200593424,475.34997951475134,783.0793258072661,0.5420033129788752,0.7676125008528447,1.073326975430103,,,,,,,,,,
Mater Dei,Saúde & Educação,MATD3,Buy,1715.0479788,0.87583,1.473690028,0.5943108682011112,5.15,7,0.3592233009708736,-0.05330882353,-0.020912547528,-0.020912547528,9.6321307985088,6.714794796063989,5.7648314998115,4.557778896952979,1.0263523437702404,0.9118191234142757,0.015132577999999999,0.026541811980582527,2.7204538512655523,1.9969680638703289,0.11163600000000001,0.143817,,,,,,,0.015132577999999999,0.026541811980582527,0.03807327137864078,,,1538.2290520910512,1342.3686232779503,1176.9412944412225,2.7204538512655523,1.9969680638703289,1.5298650620531111,,,,,,,,,,
Dasa,Saúde & Educação,DASA3,Neutral,5598.9899482,21.23991,2.856144476,7.436567084920812,4.48,2.5,-0.4419642857142858,-0.026086956521,-0.01321585903,-0.01321585903,15.4225000944838,9.17311522545387,4.87171541990619,4.29453372821889,0.6566161404455023,0.6425066939732011,0.004009846160714286,0.016210082566964285,2.510412683306765,2.1376693854765683,0.0429149,0.0708031,,,,,,,0.004009846160714286,0.016210082566964285,0.027253554955357143,,,5990.030254951986,5584.101102640074,5039.780168767212,2.510412683306765,2.1376693854765683,1.751247262227765,,,,,,,,,,
Oncoclinicas ,Saúde & Educação,ONCO3,Neutral,3081.5682229,13.148615,15.424838988,0.8524312642893177,2.72,3,0.10294117647058809,0.011152416358,0.0036900369014,0.0036900369014,n.a.,18.80549981693968,6.544439988366741,5.317160180059481,0.5757113315652787,0.5320855405754348,0,0,n.a.,n.a.,n.a.,n.a.,,,,,,,0.5757113315652787,0.5320855405754348,0.47017093825030726,,3081.5682229,,18.80549981693968,6.296068364245882,6.544439988366741,5.317160180059481,3.790261647652417,5271.058,1893.902,0.35930206042,1006.102,0.190872876,248.504,219.293,0.061177091961,0.12418152403,0.04714499442047498
Hypera,Saúde & Educação,HYPE3,Neutral,14766.51381,47.493472,78.62586516,0.604043871610862,23.33,28,0.20017145306472361,0.01137964669,-0.0097623089987,-0.0097623089987,8.44083608965749,6.680695018023,7.1624522676093,6.272761635989,1.1062744205455028,1.0177728529922434,0,0,2.432419079639768,2.0397315497990385,0.136583,0.158693,,,,,,,0.0,0.0,0.0,,,7615.401678554248,7135.760417808726,6582.545497894453,2.432419079639768,2.0397315497990385,1.6631656921125846,,,,,,,,,,
Viveo,Saúde & Educação,VVEO3,Neutral,426.3412158,5.203961,2.07975932,2.5021938596241027,1.35,1.3,-0.03703703703703709,-0.099999999999,-0.049295774647,-0.049295774647,n.a.,n.a.,6.967018352758008,6.799385289890771,0.2684030021372832,0.2878550745651256,0,0,6.27784687560688,6.138517707455099,-0.0561341,-0.0444426,,,,,,,0.0,0.0,0.0,,,3978.2307521272705,4056.5385794479616,3969.8013316711795,6.27784687560688,6.138517707455099,4.1854215045003125,,,,,,,,,,
Petrobras,Petróleo & Gas,PETR4,Buy,407646.13099,661.086859,1139.1816671,0.5803173261056073,30.71,44,0.4327580592640834,0.009865175929,-0.003569110967,-0.003569110967,5.5289259919339,4.8049643065965,2.3681103039127,2.2055288318114,0.8973808824747235,0.8459840597298812,0.10941147567114091,0.14042237750838923,0.650968848733156,0.6154653967752111,0.167682,0.181255,,,,,,,0.10941147567114091,0.14042237750838923,0.1459371155704698,,,158337.5948929444,161666.15167068812,162671.88621405413,0.650968848733156,0.6154653967752111,0.5990841289539413,,,,,,,,,,
Vibra,Petróleo & Gas,VBBR3,Buy,30714.579027,247.326393,219.32465176,1.127672566742025,25.76,27,0.048136645962732816,0.020198019802,0.016975917884,0.016975917884,11.3142619566634,9.6184447042786,5.6132776100431,5.2139691978954,1.234100653939205,1.1493175926793466,0.033328392635869564,0.044192011987577634,1.745457210021209,1.5253221043765743,0.11291000000000001,0.123741,,,,,,,0.033328392635869564,0.044192011987577634,0.05198345630434782,,,11571.160173766788,10693.963256527379,9187.976329765488,1.745457210021209,1.5253221043765743,1.2426761902899528,,,,,,,,,,
Ultrapar,Petróleo & Gas,UGPA3,Buy,22787.16292,69.954971,116.57728648,0.6000737631854338,20.97,26,0.23986647591797805,0.0052732502409,0.0033492822968,0.0033492822968,9.8039533198711,7.9818070917836,4.5494926192747,4.2808363253344,1.1196659689889366,1.0960407683261466,0.03890284109680496,0.1069410260419647,1.5408558813032986,1.4563192605609188,0.11840999999999999,0.138782,,,,,,,0.03890284109680496,0.1069410260419647,0.16815771564139245,,,11745.372360522648,11824.61240278913,12707.003374951182,1.5408558813032986,1.4563192605609188,1.4722614309064177,,,,,,,,,,
Brava Energia,Petróleo & Gas,BRAV3,Buy,7743.9335103,126.00608,168.92712106,0.7459197742157981,16.67,27,0.6196760647870425,0.043178973718,-0.010095011875,-0.010095011875,5.260462970480078,3.5626674291488083,3.283757091625696,2.5802332792146414,0.5617196272759264,0.5363491018511128,0,0.076,2.055376369894024,1.5959804131751134,0.110315,0.154025,,,,,,,0.0,0.0,,,,2134.8087654059555,2068.814155343708,,2.055376369894024,1.5959804131751134,,,,,,,,,,,
Petrorio,Petróleo & Gas,PRIO3,Buy,33840.142127,312.660962,359.85954648,0.8688416496333711,41.76,56,0.34099616858237547,0.028571428573,0.0082085948816,0.0082085948816,9.990569929816271,5.842757283111349,3.866106917894705,2.786320289301688,1.329565932361564,1.509496478530583,0.13733181503702585,0.26080552820377295,1.6188522522018565,1.0552222923156516,0.129867,0.24198,,,,,,,0.0252578192887931,0.04796688152059386,0.05885629704741379,,,4531.792289234012,3834.752830268052,3335.838925072455,1.6188522522018565,1.0552222923156516,0.9544596558332552,,,,,,,,,,
Raizen,Petróleo & Gas,RAIZ4,Buy,8274.4927048,15.217329,29.41504406,0.5173315045512122,0.8,3,2.75,-0.012345679012,-0.012345679012,-0.012345679012,n.a.,12.74719402851156,3.95712812072275,3.26989250634501,0.47822292361584356,0.43926116272429777,0,0,3.3685032431168653,2.7876874418969093,n.a.,0.035922800000000005,,,,,,,0.0,0.0,,,,47410.950054569264,47895.26855756495,,3.3685032431168653,2.7876874418969093,,,,,,,,,,,
Braskem,Petróleo & Gas,BRKM5,Neutral,6282.8694896,17.873721,36.18536232,0.49394893001032686,7.75,11,0.4193548387096775,-0.012738853502,-0.017743979721,-0.017743979721,n.a.,n.a.,5.902247125096101,4.181132995422681,-0.681214303836495,-0.6157939746334022,0,0,7.707147816549784,5.708088149685693,n.a.,n.a.,,,,,,,0.0,0.0,,,,10312.520196797796,9726.533400980103,,7.707147816549784,5.708088149685693,,,,,,,,,,,
Petroreconcavo,Petróleo & Gas,RECV3,Buy,3225.6851596,44.709847,38.638089248,1.157144358589479,11.01,19,0.7257039055404177,-0.0098920863311,-0.027385159012,-0.027385159012,4.37858681914887,4.38783602675398,2.45430977658789,2.36324408689405,0.6480206236536356,0.62291724422769,0.1535906566030881,0.16571784226158037,-0.3918408975012748,-0.1988051025351203,n.a.,n.a.,,,,,,,0.1535906566030881,0.16571784226158037,,,,-768.4,-615.6,195.6,-0.3918408975012748,-0.1988051025351203,0.053658135132910866,,,,,,,,,,
Dexxos Par,Petróleo & Gas,DEXP3,Buy,949.7903389,1.369713,0.90584766,1.5120787528446007,7.85,12,0.5286624203821657,0.028833551769,-0.017521902378,-0.017521902378,5.569751044424063,5.091775945093393,3.111843333712903,2.846868668409617,0.7671034759070876,0.7286802996407652,0.08977061919745223,0.12765683467515923,-0.0027917307810875233,-0.052833056768595954,0.142637,0.146785,,,,,,,0.08977061919745223,0.12765683467515923,,,,-0.7610164858585428,-15.469636538356012,,-0.0027917307810875233,-0.052833056768595954,,,,,,,,,,,
SLC Agricola,Agronegócio,SLCE3,Buy,7341.1348181,73.417627,40.550521128,1.810522404095699,14.79,24,0.6227180527383369,0.030263157894,0.036682242991,0.036682242991,5.20372393485294,4.81455806763849,3.87529189462388,3.74694031810989,0.966628759656484,0.8734475488545965,0.06475990536173089,0.09608503569303582,1.7822672640892625,1.7219359333077136,0.197819,0.19060500000000002,,,,,,,0.06475990536173089,0.09608503569303582,0.10385169167680865,,,5551.028204858895,5543.2691230769515,5544.78177333123,1.7822672640892625,1.7219359333077136,1.6698798238056378,,,,,,,,,,
Sao Martinho,Agronegócio,SMTO3,Buy,4862.9513068,30.387197,33.728493064,0.9009355070308102,14.8,39,1.635135135135135,-0.035830618893,-0.021164021164,-0.021164021164,4.99857406451492,3.9968135043597,2.03800174248869,1.75144674247988,0.7232177325169442,0.6743702839645682,0.10855971087162161,0.15004279027027026,0.9425912388524723,0.7426729777766401,0.149636,0.174624,,,,,,,0.10855971087162161,0.15004279027027026,0.2501993147567567,,,4215.957987492308,3607.062105874101,2855.877947594682,0.9425912388524723,0.7426729777766401,0.5478254782135783,,,,,,,,,,
Brasilagro,Agronegócio,AGRO3,Buy,2033.1321912,3.58126,3.800508864,0.9423106557974863,19.8,25,0.26262626262626254,-0.013452914799,-0.0070210631902,-0.0070210631902,19.281744511549157,5.998810931918533,12.152093884907709,5.508876371666442,0.9068425391591095,0.88561677841242,0.03802501039393939,0.10372505448484848,3.8038314420576,1.5798830326809645,0.0470017,0.14938,,,,,,,0.03802501039393939,0.10372505448484848,0.13335976230808078,,,900.5931087172191,794.7802955174333,757.1309237452199,3.8038314420576,1.5798830326809645,1.4037142626651091,,,,,,,,,,
Cosan,Agronegócio,CSAN3,Buy,20785.914844,442.960934,178.6156671,2.4799668539266677,5.25,10.5,1,-0.027777777778,-0.013157894736,-0.013157894736,23.75362013872176,6.54697316561871,4.14315297084267,3.65269312132192,0.4324048297560413,0.40950040950040945,0.00420988460952381,0.00420988460952381,3.237561951352222,2.8592311652216824,0.018312,0.06424959999999999,,,,,,,0.00420988460952381,0.00420988460952381,,,,74457.2186091105,75048.84084810449,,3.237561951352222,2.8592311652216824,,,,,,,,,,,
Jallesmachad,Agronegócio,JALL3,Buy,841.31798256,5.235718,2.722063144,1.9234373793057022,2.79,6,1.150537634408602,-0.037931034483,0.0072202166066,0.0072202166066,n.a.,6.583493024505947,3.154089266406216,2.671322032914636,0.4198222301137432,0.3857907327258397,0.15399171620071686,0.15399171620071686,2.5552591578966193,2.153114597235241,0.00040689500000000005,0.06107510000000001,,,,,,,0.15399171620071686,0.15399171620071686,0.15399171620071686,,,3597.5184021426894,3502.9602060981188,3368.6335858333427,2.5552591578966193,2.153114597235241,1.7946718107013262,,,,,,,,,,
3tentos,Agronegócio,TTEN3,Buy,8211.4585487,13.208373,19.249035784,0.68618361710247,16.44,26,0.581508515815085,0.0087126199778,0.0074899380161,0.0074899380161,10.71171734203311,7.993854925161,7.02553257365929,5.38260519017088,1.5112377625591762,1.299923301362389,0.011275971405109487,0.0175281401703163,0.8588760397080014,0.4428008404096525,0.150411,0.174839,,,,,,,0.011275971405109487,0.0175281401703163,,,,1145.4542097637845,737.2175981543814,,0.8588760397080014,0.4428008404096525,,,,,,,,,,,
Agrogalaxy,Agronegócio,AGXY3,Neutral,73.6700492,0.04137,0.216071008,0.1914648354859343,4.4,7,0.5909090909090908,-0.0067720090292,-0.0067720090292,-0.0067720090292,3.814858901656581,3.503903030291803,3.539913535025315,3.290766016473896,0.41001938273445654,0.3769382335303692,0.06553322322727273,0.07134900647727273,2.3288486295301163,2.123036804973339,0.111993,0.11209899999999999,,,,,,,0.06553322322727273,0.07134900647727273,0.07777755747727273,,,1419.6115786694802,1342.1809473885307,1253.9927894119292,2.3288486295301163,2.123036804973339,1.912642781264788,,,,,,,,,,
Marfrig,Alimentos & Bebidas,MBRF3,Neutral,28077.32546,261.089582,177.86254557,1.4679289625777057,19.64,26,0.3238289205702647,-0.018490754623,-0.017017017017,-0.017017017017,30.5973986436589,15.5541981046375,6.6435640137381,5.9350070878599,1.8704583765868894,1.7405329717562188,0,0,4.196802594380909,3.71410200274034,0.061611200000000005,0.115928,,,,,,,0.0,0.0,0.0,,,48260.762687723705,47053.40880486713,44162.161632536496,4.196802594380909,3.71410200274034,2.8210531596526383,,,,,,,,,,
JBS,Alimentos & Bebidas,JBSS32,Buy,79684.658679,71.06903149,79.229390521,0.8970033850148441,77.09,110,0.42690361914645214,-0.043548387097,-0.025780361431,-0.025780361431,11.3939551815282,7.778374755585,n.a.,n.a.,1.7408407703147015,1.6220629172724765,0.06400126844986379,0.08126367644830716,3.0877778562654123,2.599046285398235,0.15529099999999998,0.215901,,,,,,,0.06400126844986379,0.08126367644830716,0.09019017633804643,,,97010.67686100437,97459.10627944926,97907.53569789419,3.0877778562654123,2.599046285398235,2.47283254025295,,,,,,,,,,
Minerva,Alimentos & Bebidas,BEEF3,Neutral,5289.9355823,125.283247,75.895614444,1.650731045763401,5.37,8.5,0.5828677839851024,-0.061188811189,-0.067708333333,-0.067708333333,7.16891620804985,4.85533687517398,4.57796876755321,4.41398445942086,2.142780187463339,1.7960887408314186,0.05787085327746741,0.0909385243575419,3.3251541614175983,3.21395461701407,0.326872,0.40248100000000003,,,,,,,0.05787085327746741,0.0909385243575419,0.1082875854376164,,,16691.152214025235,16842.596118591922,16996.160237822583,3.3251541614175983,3.21395461701407,3.1292907819450693,,,,,,,,,,
Ambev,Alimentos & Bebidas,ABEV3,Neutral,212836.71859,335.447374,399.21957333,0.8402578340584391,13.65,15,0.09890109890109877,-0.0051020408164,-0.015151515152,-0.015151515152,13.781301447385,12.715184497537,6.112758268444,5.683699985787,2.2251528671869014,2.216671971522667,0.06970320796336996,0.0769261506080586,-0.8401159605051589,-0.7811477017555502,0.161977,0.174666,,,,,,,0.06970320796336996,0.0769261506080586,0.08277560070329669,,,-26044.1797028761,-26044.1797028761,-26044.1797028761,-0.8401159605051589,-0.7811477017555502,-0.7273231795352381,,,,,,,,,,
M.Diasbranco,Alimentos & Bebidas,MDIA3,Neutral,8002.2444166,8.358265,15.930986068,0.5246545922721599,23.86,28,0.17351215423302602,-0.0016736401676,-0.0041736227049,-0.0041736227049,8.13843931555335,7.43792153734964,4.73133169843887,4.39698662854389,0.9121213511323149,0.8913694812423882,0.04644206147946353,0.05410908464375524,-0.14877601898868842,-0.13826258817514336,0.112819,0.12122,,,,,,,0.04644206147946353,0.05410908464375524,0.06128025372170997,,,-245.15712072527612,-245.15712072527612,-245.15712072527612,-0.14877601898868842,-0.13826258817514336,-0.12970654300987347,,,,,,,,,,
Tegma,Aluguel de carros & Logística,TGMA3,Neutral,2399.4755231,8.435472,8.041971472,1.0489308535065145,36.39,23,-0.36795823028304475,0.0024793388438,-0.016220600161,-0.016220600161,n.a.,n.a.,n.a.,n.a.,n.a.,n.a.,n.a.,n.a.,n.a.,n.a.,n.a.,n.a.,,,,,,,,,,,,,,,,,,,,,,,,,,,
Localiza,Aluguel de carros & Logística,RENT3,Buy,47497.086465,232.759184,343.04531589,0.6785085620426776,43.44,55,0.2661141804788214,0.0049174379983,-0.002983704384,-0.002983704384,11.1900853643669,9.3174941521807,5.4813869962722,5.0150147802606,1.604989359186569,1.4213496932515337,0.022341205796500917,0.026831248393186,2.4582133124817735,2.274730143029597,0.151583,0.161803,,,,,,,0.022341205796500917,0.026831248393186,,,,38320.76285836553,39121.17451605155,,2.4582133124817735,2.274730143029597,,,,,,,,,,,
Movida,Aluguel de carros & Logística,MOVI3,Buy,3365.1660834,38.308725,36.45131376,1.0509559477671897,9.9,12,0.21212121212121215,0.046511627907,0.014344262295,0.014344262295,7.629966628629001,4.326733529397138,3.361626632174419,3.183182763907453,1.1398622493742272,0.9518041014104005,0.03276554304040404,0.05778030892929293,n.a.,n.a.,0.158259,0.23976,,,,,,,0.03276554304040404,0.05778030892929293,0.0857098043030303,,,16644.744800988094,17285.99307062184,18202.272973880725,,,,,,,,,,,,,
Simpar,Aluguel de carros & Logística,SIMH3,Buy,4455.7685935,17.564464,25.420885372,0.6909461941615336,5.22,11,1.10727969348659,0,0.0057803468208,0.0057803468208,3.255372957806768,2.029668405330248,3.541497976259537,3.465346327475055,0.5147218332774567,0.4324664672791894,0,0,n.a.,n.a.,0.168081,0.23157699999999998,,,,,,,0.0,0.0,0.0,,,46572.05974828645,50246.26115421639,54755.461468711415,,,,,,,,,,,,,
Vamos,Aluguel de carros & Logística,VAMO3,Buy,3464.7801402,38.130867,53.339426912,0.7148720788265825,3.25,4.5,0.3846153846153846,-0.006116207951,0.0061919504642,0.0061919504642,8.59757222879831,6.50428203758253,3.9084107600996,4.9559528167382,1.1452049388284375,0.7512818023366019,0,0,11.041286106276088,11.806491268274605,0.142705,0.139498,,,,,,,0.0,0.0,0.0,,,11244.657317773255,9482.447538648681,9794.45324796555,11.041286106276088,11.806491268274605,,,,,,,,,,,
Sequoia,Aluguel de carros & Logística,SEQL3,Buy,28.457468005,0.27142,0.904662576,0.3000234642181109,2.5,23,8.2,-0.10071942446,-0.05303030303,-0.05303030303,1.345513470397958,1.125106180421023,1.593571632407561,1.208980677984315,0.28793616570380814,0.24156923374239056,0,0,0.9862413825576468,0.6790317701720967,0.232669,0.233509,,,,,,,0.0,0.0,0.0,,,567.243497181229,447.57653539942413,281.44484070726764,0.9862413825576468,0.6790317701720967,0.37642863157732875,,,,,,,,,,
Gps,Aluguel de carros & Logística,GGPS3,Buy,12045.160262,37.492905,47.286821144,0.7928827544956951,16.06,25,0.5566625155666254,0.009428032683,-0.0061881188121,-0.0061881188121,12.24928112840069,8.91576316109268,5.59850257331993,4.44514073042465,2.293577981651376,1.922630292321211,0,0,0.6640239658083309,0.42145627907037975,0.201382,0.234617,,,,,,,0.0,0.0,,,,1560.7986597810784,1247.676585733169,,0.6640239658083309,0.42145627907037975,,,,,,,,,,,
JSL,Aluguel de carros & Logística,JSLG3,Buy,1723.6543688,10.635975,3.885556068,2.73731090579131,6.06,18,1.9702970297029703,0.0131446767,-0.0016474464583,-0.0016474464583,2.87255993880352,2.964015591961627,3.392635362891042,3.355799152079766,0.6332109752389431,0.5457640246044111,0,0,2.6665848636143603,2.657406327012747,0.240298,0.197788,,,,,,,0.0,0.0,0.0,,,6346.1234107479395,6574.733107444262,6806.369883067393,2.6665848636143603,2.657406327012747,2.6462153728523123,,,,,,,,,,
Mills,Aluguel de carros & Logística,MILS3,Buy,3173.45,12.751566,10.901182772,1.169741510320583,14,19,0.3571428571428572,0.012292118583,0,0,9.22694973937399,7.06011913976417,4.54156406095684,3.97827443949323,1.6492727296288312,1.4318559307472651,0,0,1.3245497387699008,1.1178081457302211,0.19067399999999998,0.21712,,,,,,,0.0,0.0,0.0,,,1352.6982625430755,1283.855336778343,1172.349716021324,1.3245497387699008,1.1178081457302211,0.8754612614056932,,,,,,,,,,
Armac,Aluguel de carros & Logística,ARML3,Buy,1589.4160797,2.931628,5.555771176,0.5276725601414509,4.59,6,0.30718954248366015,0.08,0.024553571428,0.024553571428,7.834478725701246,6.019781707101053,4.128915400430289,3.857604399205371,1.0621901945265966,0.9380517951736316,n.a.,n.a.,n.a.,n.a.,0.142841,0.165499,,,,,,,,,,,,1968.5968588774565,2165.96555837734,2312.4203617531944,,,,,,,,,,,,,
Randon Part,Bens de capital,RAPT4,Neutral,1939.07224,20.153209,25.9146611,0.7776759619673359,5.46,8,0.4652014652014651,-0.019748653501,-0.033628318584,-0.033628318584,5.236309642966268,n.a.,4.923584301058276,n.a.,0.5484212799509836,n.a.,0.047743547857142854,n.a.,n.a.,n.a.,0.107735,n.a.,,,,,,,0.047743547857142854,,,,,6001.989791611747,,,,,,,,,,,,,,,
Marcopolo,Bens de capital,POMO4,Neutral,7144.4693817,63.319584,93.683750588,0.6758865182337249,5.88,10,0.7006802721088436,-0.023255813953,-0.015075376884,-0.015075376884,5.03776591988889,4.66965435307708,3.252226719702,3.11666231662191,1.3125292975289626,1.3125292975289626,0.09925034389455782,0.1070743061904762,-0.48404763874163914,-0.4751343376059832,0.277396,0.281076,,,,,,,0.09925034389455782,0.1070743061904762,0.11629284022108843,,,-836.4584660171091,-836.4584660171091,-836.4584660171091,-0.48404763874163914,-0.4751343376059832,-0.44127000166162006,,,,,,,,,,
Iochp-Maxion,Bens de capital,MYPK3,Neutral,1470.7414,24.890552,13.434633788,1.8527153320868772,9.82,14,0.4256619144602851,-0.022885572139,-0.026759167492,-0.026759167492,4.84074854885365,n.a.,2.957835540974579,n.a.,0.2764670773319519,n.a.,0.0764344597250509,n.a.,n.a.,n.a.,0.0584182,n.a.,,,,,,,0.0764344597250509,,,,,3855.9890522352,,,,,,,,,,,,,,,
Tupy,Bens de capital,TUPY3,Neutral,1524.13476,27.627172,12.121592308,2.279170202892127,11.63,35,2.0094582975064488,-0.042009884678,-0.053702196908,-0.053702196908,2.32446085707793,n.a.,2.34378885986558,n.a.,0.351670814346234,n.a.,0.10755182184866724,n.a.,1.3152242075801677,n.a.,0.160391,n.a.,,,,,,,0.10755182184866724,,,,,2148.606726078416,,,1.3152242075801677,,,,,,,,,,,,
Weg,Bens de capital,WEGE3,Buy,202442.3307,232.80164,371.48383791,0.6266803996366627,48.25,52,0.07772020725388606,-0.010256410256,-0.0053597196456,-0.0053597196456,29.642885966555,23.3619869317644,19.9959843826197,16.3373084497788,8.0011408880686,7.255650008496254,0.023614434870466317,0.02996320484352331,-0.5438554363689098,-0.6396499331681104,0.28130700000000003,0.325751,,,,,,,0.023614434870466317,0.02996320484352331,,,,-5398.28643240241,-7681.605110764184,,-0.5438554363689098,-0.6396499331681104,,,,,,,,,,,
Aeris,Bens de capital,AERI3,Neutral,199.509128,0.060818,1.675926748,0.036289175569623404,3.25,17,4.230769230769231,0.0030864197524,-0.018126888218,-0.018126888218,22.798035616766924,15.440418105303133,9.852911000714014,8.53424527580932,2.0395100155630304,1.8556689258246308,0.010965857076923078,0.016191271384615385,0.5033205647950146,0.5194353689234358,0.0925652,0.125855,,,,,,,0.010965857076923078,0.016191271384615385,,,,125.35437314571536,147.4214459795912,,0.5033205647950146,0.5194353689234358,,,,,,,,,,,
Embraer,Bens de capital,EMBJ3,Buy,64986.61194,197.177594,411.03032865,0.4797154376603202,88.59,107,0.20781126537983963,-0.006838565022,-0.00011286681729,-0.00011286681729,24.1,16.2,7.9,7.2,1,0.9,0.02,0.029,n.a.,n.a.,0.04,0.058,,,,,,,-0.0143384374812777,-0.01631488175301849,,,,2338.7427507108437,3249.627326480649,,,,,,,,,,,,,,
Fras-Le,Bens de capital,FRAS3,Buy,6686.54685,12.760574,10.02087208,1.273399550271477,24.11,30,0.2442969722107009,0.010901467503,-0.0016563147001,-0.0016563147001,14.11428148808944,n.a.,6.30914999972776,n.a.,2.2071680322241036,n.a.,0.017712555910410616,n.a.,n.a.,n.a.,0.16612100000000002,n.a.,,,,,,,0.017712555910410616,,,,,879.8265134438519,,,,,,,,,,,,,,,
Totvs,"Telecom, media & tech",TOTS3,Buy,24081.015766,157.003774,130.07483107,1.2070265454775655,40.98,55,0.3421181063933627,-0.033034450213,-0.026140684411,-0.026140684411,20.92062891125246,17.27602598227891,12.03916633548263,9.99195900619178,3.799545686338139,3.2863397969494295,0.015239579031234747,0.017533257445095166,-0.712855831586439,-1.114169598594064,0.193424,0.20400300000000002,,,,,,,0.015239579031234747,0.017533257445095166,0.020391896739873107,,,-1348.990765681261,-2420.8893225662973,-3707.7217170412673,-0.712855831586439,-1.114169598594064,-1.4853115999655524,,,,,,,,,,
Locaweb,"Telecom, media & tech",LWSA3,Buy,2280.5436783,8.144737,23.61710594,0.344866006050528,4.12,7,0.6990291262135921,-0.014354066985,-0.032863849765,-0.032863849765,9.624811344004335,9.33245785185842,3.946884485137637,3.011635391299223,0.7346778651545142,0.6913528869856175,0.018793327888349514,0.021853034854368934,-1.899060415403523,-2.120603513401191,0.0783055,0.0763311,,,,,,,0.018793327888349514,0.021853034854368934,0.0267882270631068,,,-789.8420671818567,-1004.6361679645828,-1270.1042781046742,-1.899060415403523,-2.120603513401191,-2.378702591981442,,,,,,,,,,
Intelbras,"Telecom, media & tech",INTB3,Buy,3797.284476,12.477517,29.828637716,0.418306632666201,11.6,22,0.896551724137931,-0.0076988879382,-0.00086132644265,-0.00086132644265,5.71235145112701,4.72607676152992,3.82857026491761,2.82344340816575,0.996110018634127,0.8598579751827197,0.039093461025862065,0.05251777706034482,-0.9362171592886956,-1.3143918842833988,0.187044,0.195296,,,,,,,0.039093461025862065,0.05251777706034482,,,,-748.274946142765,-1209.7059223828774,,-0.9362171592886956,-1.3143918842833988,,,,,,,,,,,
Bemobi,"Telecom, media & tech",BMOB3,n.a.,1856.4469,6.613195,6.945268376,0.952187106671427,22,n.a.,n.a,-0.037199124727,-0.031263760457,-0.031263760457,n.a.,n.a.,n.a.,n.a.,n.a.,n.a.,n.a.,n.a.,n.a.,n.a.,n.a.,n.a.,,,,,,,,,,,,,,,,,,,,,,,,,,,
Tim,"Telecom, media & tech",TIMS3,Buy,51765.604238,110.858899,133.76193432,0.8287776306732464,21.64,22,0.01663585951940849,0.0083876980443,0.014058106842,0.014058106842,11.7302262962157,10.6304111121319,4.6222781227815,4.3046316409484,2.1203213795806386,2.1277014138792203,0.08645682118761552,0.09697170125231051,0.956955067216507,0.8664000752234938,0.181087,0.19980499999999998,,,,,,,0.08645682118761552,0.09697170125231051,,,,13705.906692397257,13228.537758340834,,0.956955067216507,0.8664000752234938,,,,,,,,,,,
Oi,"Telecom, media & tech",OIBR3,n.a.,57.92245,0.196563,2.65766654,0.07396074603099002,0.17,2.5,13.705882352941176,0,0,0,n.a.,n.a.,n.a.,n.a.,n.a.,n.a.,n.a.,n.a.,n.a.,n.a.,n.a.,n.a.,,,,,,,,,,,,,,,,,,,,,,,,,,,
Telefonica,"Telecom, media & tech",VIVT3,Buy,104930.5427,118.26142,147.81683577,0.8000537921405134,32.74,31,-0.05314599877825299,-0.0051819542905,-0.01087613293,-0.01087613293,12.9697486411357,11.5862749225331,4.6554450580971,4.3853908315648,1.5713188711844883,1.565743034499909,0.08404172125229077,0.08863573625534514,0.6217979864978095,0.5570681517511363,0.12139799999999999,0.135378,,,,,,,0.08404172125229077,0.08863573625534514,,,,16386.93888435536,15468.429164424851,,0.6217979864978095,0.5570681517511363,,,,,,,,,,,
Infracommerce,"Telecom, media & tech",IFCM3,Buy,141.87298975,0.762191,1.074292808,0.7094816183485052,1.17,3,1.0547945205479454,0.026315789475,-0.0084745762715,-0.0084745762715,13.329647873981765,8.5696897495787,3.682464172094225,3.203607392502949,0.45117304992981755,0.428607538364038,0,0,1.5483965676228122,1.3694142779556655,0.0342915,0.0512972,,,,,,,0.0,0.0,0.0,,,584.7099801331678,601.6671117200032,597.804218886721,1.5483965676228122,1.3694142779556655,1.1879293758577272,,,,,,,,,,
Unifique,"Telecom, media & tech",FIQE3,Neutral,1903.3177994,2.126759,1.684945024,1.2622126951959234,4.89,4.3,-0.12065439672801637,0.042675783232,-0.014112903225,-0.014112903225,8.84998395486009,7.732603614570691,3.408275115426822,3.014219727064817,1.1846418093768396,1.064325296117498,0.025215698895705522,0.025215698895705522,0.06039732128492376,-0.23013909838508234,0.14077299999999998,0.145005,,,,,,,0.025215698895705522,0.025215698895705522,0.025215698895705522,,,0.031789791359971634,-0.12499744133873077,-0.29640441925035166,0.06039732128492376,-0.23013909838508234,-0.5319590136713008,,,,,,,,,,
Desktop,"Telecom, media & tech",DESK3,Buy,1951.6308114,12.67946,5.637727028,2.2490375885577554,16.84,20,0.18764845605700708,-0.017502917154,-0.014628437682,-0.014628437682,6.58744903369448,5.66738783881756,4.14089223169914,3.56669491898413,1.0354283746725856,0.9054931819159461,0.03246809499406175,0.03932574081353919,1.4962257567553132,1.150058377946283,0.167746,0.170468,,,,,,,0.03246809499406175,0.03932574081353919,0.09074629033254156,,,1100.470956915286,925.6800770698877,829.9206886240654,1.4962257567553132,1.150058377946283,0.9540236098666491,,,,,,,,,,
Rumo S.A.,Infraestrutura,RAIL3,Buy,27372.661662,58.124291,225.6018232,0.25764105172355717,14.75,23,0.5593220338983051,0.0013577732515,-0.00067750677499,-0.00067750677499,11.8353923584224,11.1858199401341,6.3139739961483,5.8150892838196,1.7142292650895756,1.5375105671277112,0,0,n.a.,n.a.,0.153158,0.144922,,,,,,,0.0,0.0,,,,25709.01424015542,25367.875471748426,,,,,,,,,,,,,,
Motiva,Infraestrutura,MOTV3,Buy,30051.232436,62.15148,123.00064879,0.505293920084208,14.95,17,0.13712374581939812,-0.011896893589,-0.0073041168662,-0.0073041168662,12.077472733566,10.1142510390359,5.8929801810272,5.6200372573364,1.7772758343983117,1.5703237177702873,0,0,3.4759914079162124,3.39826269756696,0.155751,0.164857,,,,,,,0.0,0.0,,,,38317.32793700538,39892.205704529115,,3.4759914079162124,3.39826269756696,,,,,,,,,,,
Ecorodovias,Infraestrutura,ECOR3,Buy,7310.97671,25.934854,31.008888844,0.8363683758703341,10.51,11,0.04662226450999052,0.0047801147211,-0.0084905660387,-0.0084905660387,9.08962031120418,8.87381530833754,5.69841724712034,5.90265011460909,1.7264972147706683,1.5734333783456045,0.05500779822074215,0.05634554953377735,4.2742115734290556,4.545830249097163,0.19941099999999998,0.185536,,,,,,,0.05500779822074215,0.05634554953377735,0.05680956231208372,,,21208.53591757132,23676.549201422917,25482.78306213948,4.2742115734290556,4.545830249097163,4.536204709487705,,,,,,,,,,
Hidrovias,Infraestrutura,HBSA3,Buy,4815.75228,8.70189,11.424034044,0.7617177930741817,3.54,6,0.31868131868131866,-0.011173184358,-0.035422343323,-0.035422343323,18.48489638356869,10.9476553428578,6.50175807976747,5.16569574843275,2.178716280672817,2.1385334734858095,0.04057366536723164,0.06850781985875706,2.1383574174100195,1.6525378949425606,0.115682,0.19716,,,,,,,0.04057366536723164,0.06850781985875706,,,,2364.9985027764533,2270.018670358844,,2.1383574174100195,1.6525378949425606,,,,,,,,,,,
Wilson Sons,Infraestrutura,PORT3,Buy,8309.402444,0,15.760326704,0,,13,n.a,,,,n.a.,n.a.,n.a.,n.a.,n.a.,n.a.,n.a.,n.a.,n.a.,n.a.,n.a.,n.a.,,,,,,,,,,,,,,,,,,,,,,,,,,,
